FIPS,STATE,ST_ABBR,COUNTY
35039,NEW MEXICO,NM,Rio Arriba
1001,ALABAMA,AL,Autauga
1009,ALABAMA,AL,Blount
1013,ALABAMA,AL,Butler
1015,ALABAMA,AL,Calhoun
1017,ALABAMA,AL,Chambers
1031,ALABAMA,AL,Coffee
1033,ALABAMA,AL,Colbert
1039,ALABAMA,AL,Covington
1043,ALABAMA,AL,Cullman
1045,ALABAMA,AL,Dale
1051,ALABAMA,AL,Elmore
1055,ALABAMA,AL,Etowah
1067,ALABAMA,AL,Henry
1069,ALABAMA,AL,Houston
1071,ALABAMA,AL,Jackson
1077,ALABAMA,AL,Lauderdale
1079,ALABAMA,AL,Lawrence
1083,ALABAMA,AL,Limestone
1089,ALABAMA,AL,Madison
1095,ALABAMA,AL,Marshall
1097,ALABAMA,AL,Mobile
1103,ALABAMA,AL,Morgan
1111,ALABAMA,AL,Randolph
1113,ALABAMA,AL,Russell
1115,ALABAMA,AL,St. Clair
1117,ALABAMA,AL,Shelby
1121,ALABAMA,AL,Talladega
2261,ALASKA,AK,Valdez-Cordova
4021,ARIZONA,AZ,Pinal
5009,ARKANSAS,AR,Boone
5011,ARKANSAS,AR,Bradley
5033,ARKANSAS,AR,Crawford
5037,ARKANSAS,AR,Cross
5045,ARKANSAS,AR,Faulkner
5047,ARKANSAS,AR,Franklin
5051,ARKANSAS,AR,Garland
5053,ARKANSAS,AR,Grant
5063,ARKANSAS,AR,Independence
5083,ARKANSAS,AR,Logan
5085,ARKANSAS,AR,Lonoke
5087,ARKANSAS,AR,Madison
5115,ARKANSAS,AR,Pope
5117,ARKANSAS,AR,Prairie
5121,ARKANSAS,AR,Randolph
5125,ARKANSAS,AR,Saline
5131,ARKANSAS,AR,Sebastian
5145,ARKANSAS,AR,White
6007,CALIFORNIA,CA,Butte
6017,CALIFORNIA,CA,El Dorado
6023,CALIFORNIA,CA,Humboldt
6027,CALIFORNIA,CA,Inyo
6061,CALIFORNIA,CA,Placer
6079,CALIFORNIA,CA,San Luis Obispo
6089,CALIFORNIA,CA,Shasta
6093,CALIFORNIA,CA,Siskiyou
8019,COLORADO,CO,Clear Creek
8039,COLORADO,CO,Elbert
8047,COLORADO,CO,Gilpin
8051,COLORADO,CO,Gunnison
8057,COLORADO,CO,Jackson
8065,COLORADO,CO,Lake
8067,COLORADO,CO,La Plata
8071,COLORADO,CO,Las Animas
8075,COLORADO,CO,Logan
8077,COLORADO,CO,Mesa
8083,COLORADO,CO,Montezuma
8085,COLORADO,CO,Montrose
8093,COLORADO,CO,Park
8099,COLORADO,CO,Prowers
8101,COLORADO,CO,Pueblo
8103,COLORADO,CO,Rio Blanco
8119,COLORADO,CO,Teller
8121,COLORADO,CO,Washington
9005,CONNECTICUT,CT,Litchfield
9007,CONNECTICUT,CT,Middlesex
9011,CONNECTICUT,CT,New London
9015,CONNECTICUT,CT,Windham
10001,DELAWARE,DE,Kent
12019,FLORIDA,FL,Clay
12033,FLORIDA,FL,Escambia
12089,FLORIDA,FL,Nassau
12101,FLORIDA,FL,Pasco
12109,FLORIDA,FL,St. Johns
12113,FLORIDA,FL,Santa Rosa
13015,GEORGIA,GA,Bartow
13039,GEORGIA,GA,Camden
13045,GEORGIA,GA,Carroll
13047,GEORGIA,GA,Catoosa
13057,GEORGIA,GA,Cherokee
13073,GEORGIA,GA,Columbia
13077,GEORGIA,GA,Coweta
13085,GEORGIA,GA,Dawson
13113,GEORGIA,GA,Fayette
13115,GEORGIA,GA,Floyd
13123,GEORGIA,GA,Gilmer
13127,GEORGIA,GA,Glynn
13143,GEORGIA,GA,Haralson
13145,GEORGIA,GA,Harris
13147,GEORGIA,GA,Hart
13153,GEORGIA,GA,Houston
13157,GEORGIA,GA,Jackson
13169,GEORGIA,GA,Jones
13187,GEORGIA,GA,Lumpkin
13207,GEORGIA,GA,Monroe
13211,GEORGIA,GA,Morgan
13227,GEORGIA,GA,Pickens
13231,GEORGIA,GA,Pike
13233,GEORGIA,GA,Polk
13295,GEORGIA,GA,Walker
13297,GEORGIA,GA,Walton
13299,GEORGIA,GA,Ware
13311,GEORGIA,GA,White
16001,IDAHO,ID,Ada
16017,IDAHO,ID,Bonner
16021,IDAHO,ID,Boundary
16023,IDAHO,ID,Butte
16025,IDAHO,ID,Camas
16039,IDAHO,ID,Elmore
16045,IDAHO,ID,Gem
16055,IDAHO,ID,Kootenai
16069,IDAHO,ID,Nez Perce
16085,IDAHO,ID,Valley
17001,ILLINOIS,IL,Adams
17007,ILLINOIS,IL,Boone
17011,ILLINOIS,IL,Bureau
17013,ILLINOIS,IL,Calhoun
17015,ILLINOIS,IL,Carroll
17021,ILLINOIS,IL,Christian
17023,ILLINOIS,IL,Clark
17027,ILLINOIS,IL,Clinton
17029,ILLINOIS,IL,Coles
17035,ILLINOIS,IL,Cumberland
17039,ILLINOIS,IL,De Witt
17045,ILLINOIS,IL,Edgar
17047,ILLINOIS,IL,Edwards
17049,ILLINOIS,IL,Effingham
17053,ILLINOIS,IL,Ford
17055,ILLINOIS,IL,Franklin
17057,ILLINOIS,IL,Fulton
17061,ILLINOIS,IL,Greene
17063,ILLINOIS,IL,Grundy
17065,ILLINOIS,IL,Hamilton
17067,ILLINOIS,IL,Hancock
17073,ILLINOIS,IL,Henry
17075,ILLINOIS,IL,Iroquois
17079,ILLINOIS,IL,Jasper
17081,ILLINOIS,IL,Jefferson
17083,ILLINOIS,IL,Jersey
17091,ILLINOIS,IL,Kankakee
17099,ILLINOIS,IL,LaSalle
17105,ILLINOIS,IL,Livingston
17111,ILLINOIS,IL,McHenry
17115,ILLINOIS,IL,Macon
17117,ILLINOIS,IL,Macoupin
17119,ILLINOIS,IL,Madison
17123,ILLINOIS,IL,Marshall
17125,ILLINOIS,IL,Mason
17127,ILLINOIS,IL,Massac
17129,ILLINOIS,IL,Menard
17131,ILLINOIS,IL,Mercer
17133,ILLINOIS,IL,Monroe
17141,ILLINOIS,IL,Ogle
17147,ILLINOIS,IL,Piatt
17149,ILLINOIS,IL,Pike
17155,ILLINOIS,IL,Putnam
17159,ILLINOIS,IL,Richland
17161,ILLINOIS,IL,Rock Island
17163,ILLINOIS,IL,St. Clair
17167,ILLINOIS,IL,Sangamon
17171,ILLINOIS,IL,Scott
17173,ILLINOIS,IL,Shelby
17175,ILLINOIS,IL,Stark
17179,ILLINOIS,IL,Tazewell
17181,ILLINOIS,IL,Union
17185,ILLINOIS,IL,Wabash
17187,ILLINOIS,IL,Warren
17189,ILLINOIS,IL,Washington
17191,ILLINOIS,IL,Wayne
17193,ILLINOIS,IL,White
17195,ILLINOIS,IL,Whiteside
17197,ILLINOIS,IL,Will
17199,ILLINOIS,IL,Williamson
17203,ILLINOIS,IL,Woodford
18003,INDIANA,IN,Allen
18005,INDIANA,IN,Bartholomew
18007,INDIANA,IN,Benton
18009,INDIANA,IN,Blackford
18013,INDIANA,IN,Brown
18015,INDIANA,IN,Carroll
18019,INDIANA,IN,Clark
18021,INDIANA,IN,Clay
18023,INDIANA,IN,Clinton
18025,INDIANA,IN,Crawford
18029,INDIANA,IN,Dearborn
18031,INDIANA,IN,Decatur
18033,INDIANA,IN,DeKalb
18035,INDIANA,IN,Delaware
18037,INDIANA,IN,Dubois
18041,INDIANA,IN,Fayette
18043,INDIANA,IN,Floyd
18045,INDIANA,IN,Fountain
18047,INDIANA,IN,Franklin
18049,INDIANA,IN,Fulton
18051,INDIANA,IN,Gibson
18055,INDIANA,IN,Greene
18059,INDIANA,IN,Hancock
18061,INDIANA,IN,Harrison
18063,INDIANA,IN,Hendricks
18065,INDIANA,IN,Henry
18067,INDIANA,IN,Howard
18069,INDIANA,IN,Huntington
18071,INDIANA,IN,Jackson
18073,INDIANA,IN,Jasper
18079,INDIANA,IN,Jennings
18081,INDIANA,IN,Johnson
18083,INDIANA,IN,Knox
18085,INDIANA,IN,Kosciusko
18089,INDIANA,IN,Lake
18091,INDIANA,IN,LaPorte
18093,INDIANA,IN,Lawrence
18095,INDIANA,IN,Madison
18099,INDIANA,IN,Marshall
18101,INDIANA,IN,Martin
18103,INDIANA,IN,Miami
18107,INDIANA,IN,Montgomery
18109,INDIANA,IN,Morgan
18111,INDIANA,IN,Newton
18113,INDIANA,IN,Noble
18115,INDIANA,IN,Ohio
18117,INDIANA,IN,Orange
18119,INDIANA,IN,Owen
18125,INDIANA,IN,Pike
18127,INDIANA,IN,Porter
18129,INDIANA,IN,Posey
18131,INDIANA,IN,Pulaski
18135,INDIANA,IN,Randolph
18137,INDIANA,IN,Ripley
18139,INDIANA,IN,Rush
18141,INDIANA,IN,St. Joseph
18143,INDIANA,IN,Scott
18145,INDIANA,IN,Shelby
18147,INDIANA,IN,Spencer
18149,INDIANA,IN,Starke
18151,INDIANA,IN,Steuben
18155,INDIANA,IN,Switzerland
18159,INDIANA,IN,Tipton
18161,INDIANA,IN,Union
18165,INDIANA,IN,Vermillion
18169,INDIANA,IN,Wabash
18171,INDIANA,IN,Warren
18173,INDIANA,IN,Warrick
18175,INDIANA,IN,Washington
18177,INDIANA,IN,Wayne
18179,INDIANA,IN,Wells
18181,INDIANA,IN,White
18183,INDIANA,IN,Whitley
19001,IOWA,IA,Adair
19003,IOWA,IA,Adams
19005,IOWA,IA,Allamakee
19007,IOWA,IA,Appanoose
19011,IOWA,IA,Benton
19015,IOWA,IA,Boone
19017,IOWA,IA,Bremer
19023,IOWA,IA,Butler
19027,IOWA,IA,Carroll
19029,IOWA,IA,Cass
19031,IOWA,IA,Cedar
19033,IOWA,IA,Cerro Gordo
19035,IOWA,IA,Cherokee
19037,IOWA,IA,Chickasaw
19039,IOWA,IA,Clarke
19041,IOWA,IA,Clay
19043,IOWA,IA,Clayton
19045,IOWA,IA,Clinton
19055,IOWA,IA,Delaware
19061,IOWA,IA,Dubuque
19065,IOWA,IA,Fayette
19067,IOWA,IA,Floyd
19069,IOWA,IA,Franklin
19071,IOWA,IA,Fremont
19073,IOWA,IA,Greene
19075,IOWA,IA,Grundy
19077,IOWA,IA,Guthrie
19079,IOWA,IA,Hamilton
19081,IOWA,IA,Hancock
19083,IOWA,IA,Hardin
19085,IOWA,IA,Harrison
19087,IOWA,IA,Henry
19089,IOWA,IA,Howard
19091,IOWA,IA,Humboldt
19093,IOWA,IA,Ida
19095,IOWA,IA,Iowa
19097,IOWA,IA,Jackson
19099,IOWA,IA,Jasper
19101,IOWA,IA,Jefferson
19105,IOWA,IA,Jones
19107,IOWA,IA,Keokuk
19109,IOWA,IA,Kossuth
19111,IOWA,IA,Lee
19117,IOWA,IA,Lucas
19121,IOWA,IA,Madison
19123,IOWA,IA,Mahaska
19125,IOWA,IA,Marion
19129,IOWA,IA,Mills
19131,IOWA,IA,Mitchell
19133,IOWA,IA,Monona
19135,IOWA,IA,Monroe
19139,IOWA,IA,Muscatine
19141,IOWA,IA,O'Brien
19143,IOWA,IA,Osceola
19145,IOWA,IA,Page
19147,IOWA,IA,Palo Alto
19149,IOWA,IA,Plymouth
19151,IOWA,IA,Pocahontas
19155,IOWA,IA,Pottawattamie
19159,IOWA,IA,Ringgold
19161,IOWA,IA,Sac
19163,IOWA,IA,Scott
19165,IOWA,IA,Shelby
19171,IOWA,IA,Tama
19173,IOWA,IA,Taylor
19175,IOWA,IA,Union
19177,IOWA,IA,Van Buren
19179,IOWA,IA,Wapello
19181,IOWA,IA,Warren
19183,IOWA,IA,Washington
19185,IOWA,IA,Wayne
19187,IOWA,IA,Webster
19189,IOWA,IA,Winnebago
19195,IOWA,IA,Worth
19197,IOWA,IA,Wright
20001,KANSAS,KS,Allen
20007,KANSAS,KS,Barber
20009,KANSAS,KS,Barton
20011,KANSAS,KS,Bourbon
20013,KANSAS,KS,Brown
20015,KANSAS,KS,Butler
20017,KANSAS,KS,Chase
20025,KANSAS,KS,Clark
20027,KANSAS,KS,Clay
20029,KANSAS,KS,Cloud
20031,KANSAS,KS,Coffey
20035,KANSAS,KS,Cowley
20037,KANSAS,KS,Crawford
20041,KANSAS,KS,Dickinson
20051,KANSAS,KS,Ellis
20059,KANSAS,KS,Franklin
20071,KANSAS,KS,Greeley
20077,KANSAS,KS,Harper
20079,KANSAS,KS,Harvey
20083,KANSAS,KS,Hodgeman
20085,KANSAS,KS,Jackson
20087,KANSAS,KS,Jefferson
20095,KANSAS,KS,Kingman
20097,KANSAS,KS,Kiowa
20099,KANSAS,KS,Labette
20101,KANSAS,KS,Lane
20103,KANSAS,KS,Leavenworth
20105,KANSAS,KS,Lincoln
20107,KANSAS,KS,Linn
20109,KANSAS,KS,Logan
20111,KANSAS,KS,Lyon
20113,KANSAS,KS,McPherson
20115,KANSAS,KS,Marion
20117,KANSAS,KS,Marshall
20119,KANSAS,KS,Meade
20121,KANSAS,KS,Miami
20123,KANSAS,KS,Mitchell
20125,KANSAS,KS,Montgomery
20127,KANSAS,KS,Morris
20131,KANSAS,KS,Nemaha
20133,KANSAS,KS,Neosho
20139,KANSAS,KS,Osage
20141,KANSAS,KS,Osborne
20143,KANSAS,KS,Ottawa
20147,KANSAS,KS,Phillips
20151,KANSAS,KS,Pratt
20155,KANSAS,KS,Reno
20159,KANSAS,KS,Rice
20163,KANSAS,KS,Rooks
20165,KANSAS,KS,Rush
20167,KANSAS,KS,Russell
20169,KANSAS,KS,Saline
20173,KANSAS,KS,Sedgwick
20179,KANSAS,KS,Sheridan
20181,KANSAS,KS,Sherman
20185,KANSAS,KS,Stafford
20191,KANSAS,KS,Sumner
20193,KANSAS,KS,Thomas
20195,KANSAS,KS,Trego
20197,KANSAS,KS,Wabaunsee
20199,KANSAS,KS,Wallace
20201,KANSAS,KS,Washington
21003,KENTUCKY,KY,Allen
21005,KENTUCKY,KY,Anderson
21007,KENTUCKY,KY,Ballard
21009,KENTUCKY,KY,Barren
21017,KENTUCKY,KY,Bourbon
21023,KENTUCKY,KY,Bracken
21029,KENTUCKY,KY,Bullitt
21039,KENTUCKY,KY,Carlisle
21049,KENTUCKY,KY,Clark
21055,KENTUCKY,KY,Crittenden
21059,KENTUCKY,KY,Daviess
21073,KENTUCKY,KY,Franklin
21079,KENTUCKY,KY,Garrard
21083,KENTUCKY,KY,Graves
21089,KENTUCKY,KY,Greenup
21091,KENTUCKY,KY,Hancock
21093,KENTUCKY,KY,Hardin
21097,KENTUCKY,KY,Harrison
21101,KENTUCKY,KY,Henderson
21103,KENTUCKY,KY,Henry
21107,KENTUCKY,KY,Hopkins
21117,KENTUCKY,KY,Kenton
21123,KENTUCKY,KY,Larue
21125,KENTUCKY,KY,Laurel
21141,KENTUCKY,KY,Logan
21145,KENTUCKY,KY,McCracken
21149,KENTUCKY,KY,McLean
21151,KENTUCKY,KY,Madison
21157,KENTUCKY,KY,Marshall
21161,KENTUCKY,KY,Mason
21163,KENTUCKY,KY,Meade
21179,KENTUCKY,KY,Nelson
21185,KENTUCKY,KY,Oldham
21191,KENTUCKY,KY,Pendleton
21199,KENTUCKY,KY,Pulaski
21209,KENTUCKY,KY,Scott
21211,KENTUCKY,KY,Shelby
21213,KENTUCKY,KY,Simpson
21215,KENTUCKY,KY,Spencer
21227,KENTUCKY,KY,Warren
21229,KENTUCKY,KY,Washington
21239,KENTUCKY,KY,Woodford
22015,LOUISIANA,LA,Bossier
22019,LOUISIANA,LA,Calcasieu
22055,LOUISIANA,LA,Lafayette
22063,LOUISIANA,LA,Livingston
22093,LOUISIANA,LA,St. James
22101,LOUISIANA,LA,St. Mary
22103,LOUISIANA,LA,St. Tammany
22105,LOUISIANA,LA,Tangipahoa
22109,LOUISIANA,LA,Terrebonne
22113,LOUISIANA,LA,Vermilion
22115,LOUISIANA,LA,Vernon
23001,MAINE,ME,Androscoggin
23005,MAINE,ME,Cumberland
23007,MAINE,ME,Franklin
23009,MAINE,ME,Hancock
23011,MAINE,ME,Kennebec
23013,MAINE,ME,Knox
23017,MAINE,ME,Oxford
23019,MAINE,ME,Penobscot
23023,MAINE,ME,Sagadahoc
23025,MAINE,ME,Somerset
23027,MAINE,ME,Waldo
23029,MAINE,ME,Washington
23031,MAINE,ME,York
24009,MARYLAND,MD,Calvert
24013,MARYLAND,MD,Carroll
24015,MARYLAND,MD,Cecil
24021,MARYLAND,MD,Frederick
24023,MARYLAND,MD,Garrett
24025,MARYLAND,MD,Harford
24035,MARYLAND,MD,Queen Anne's
24037,MARYLAND,MD,St. Mary's
24043,MARYLAND,MD,Washington
25003,MASSACHUSETTS,MA,Berkshire
25007,MASSACHUSETTS,MA,Dukes
25011,MASSACHUSETTS,MA,Franklin
25019,MASSACHUSETTS,MA,Nantucket
25023,MASSACHUSETTS,MA,Plymouth
26005,MICHIGAN,MI,Allegan
26007,MICHIGAN,MI,Alpena
26015,MICHIGAN,MI,Barry
26017,MICHIGAN,MI,Bay
26021,MICHIGAN,MI,Berrien
26023,MICHIGAN,MI,Branch
26027,MICHIGAN,MI,Cass
26029,MICHIGAN,MI,Charlevoix
26037,MICHIGAN,MI,Clinton
26041,MICHIGAN,MI,Delta
26043,MICHIGAN,MI,Dickinson
26047,MICHIGAN,MI,Emmet
26055,MICHIGAN,MI,Grand Traverse
26059,MICHIGAN,MI,Hillsdale
26061,MICHIGAN,MI,Houghton
26063,MICHIGAN,MI,Huron
26067,MICHIGAN,MI,Ionia
26075,MICHIGAN,MI,Jackson
26079,MICHIGAN,MI,Kalkaska
26087,MICHIGAN,MI,Lapeer
26091,MICHIGAN,MI,Lenawee
26093,MICHIGAN,MI,Livingston
26099,MICHIGAN,MI,Macomb
26103,MICHIGAN,MI,Marquette
26105,MICHIGAN,MI,Mason
26107,MICHIGAN,MI,Mecosta
26109,MICHIGAN,MI,Menominee
26111,MICHIGAN,MI,Midland
26113,MICHIGAN,MI,Missaukee
26115,MICHIGAN,MI,Monroe
26117,MICHIGAN,MI,Montcalm
26121,MICHIGAN,MI,Muskegon
26123,MICHIGAN,MI,Newaygo
26127,MICHIGAN,MI,Oceana
26133,MICHIGAN,MI,Osceola
26137,MICHIGAN,MI,Otsego
26139,MICHIGAN,MI,Ottawa
26145,MICHIGAN,MI,Saginaw
26147,MICHIGAN,MI,St. Clair
26149,MICHIGAN,MI,St. Joseph
26151,MICHIGAN,MI,Sanilac
26155,MICHIGAN,MI,Shiawassee
26157,MICHIGAN,MI,Tuscola
26159,MICHIGAN,MI,Van Buren
26165,MICHIGAN,MI,Wexford
27003,MINNESOTA,MN,Anoka
27005,MINNESOTA,MN,Becker
27015,MINNESOTA,MN,Brown
27017,MINNESOTA,MN,Carlton
27023,MINNESOTA,MN,Chippewa
27025,MINNESOTA,MN,Chisago
27029,MINNESOTA,MN,Clearwater
27033,MINNESOTA,MN,Cottonwood
27035,MINNESOTA,MN,Crow Wing
27041,MINNESOTA,MN,Douglas
27043,MINNESOTA,MN,Faribault
27045,MINNESOTA,MN,Fillmore
27047,MINNESOTA,MN,Freeborn
27049,MINNESOTA,MN,Goodhue
27051,MINNESOTA,MN,Grant
27055,MINNESOTA,MN,Houston
27059,MINNESOTA,MN,Isanti
27061,MINNESOTA,MN,Itasca
27063,MINNESOTA,MN,Jackson
27065,MINNESOTA,MN,Kanabec
27067,MINNESOTA,MN,Kandiyohi
27069,MINNESOTA,MN,Kittson
27071,MINNESOTA,MN,Koochiching
27079,MINNESOTA,MN,Le Sueur
27085,MINNESOTA,MN,McLeod
27089,MINNESOTA,MN,Marshall
27091,MINNESOTA,MN,Martin
27093,MINNESOTA,MN,Meeker
27097,MINNESOTA,MN,Morrison
27107,MINNESOTA,MN,Norman
27111,MINNESOTA,MN,Otter Tail
27115,MINNESOTA,MN,Pine
27121,MINNESOTA,MN,Pope
27125,MINNESOTA,MN,Red Lake
27127,MINNESOTA,MN,Redwood
27129,MINNESOTA,MN,Renville
27133,MINNESOTA,MN,Rock
27135,MINNESOTA,MN,Roseau
27137,MINNESOTA,MN,St. Louis
27143,MINNESOTA,MN,Sibley
27147,MINNESOTA,MN,Steele
27151,MINNESOTA,MN,Swift
27153,MINNESOTA,MN,Todd
27157,MINNESOTA,MN,Wabasha
27161,MINNESOTA,MN,Waseca
27163,MINNESOTA,MN,Washington
27167,MINNESOTA,MN,Wilkin
27173,MINNESOTA,MN,Yellow Medicine
28003,MISSISSIPPI,MS,Alcorn
28033,MISSISSIPPI,MS,DeSoto
28045,MISSISSIPPI,MS,Hancock
28057,MISSISSIPPI,MS,Itawamba
28059,MISSISSIPPI,MS,Jackson
28081,MISSISSIPPI,MS,Lee
28089,MISSISSIPPI,MS,Madison
28093,MISSISSIPPI,MS,Marshall
28095,MISSISSIPPI,MS,Monroe
28109,MISSISSIPPI,MS,Pearl River
28121,MISSISSIPPI,MS,Rankin
28129,MISSISSIPPI,MS,Smith
28159,MISSISSIPPI,MS,Winston
28161,MISSISSIPPI,MS,Yalobusha
29003,MISSOURI,MO,Andrew
29007,MISSOURI,MO,Audrain
29011,MISSOURI,MO,Barton
29013,MISSOURI,MO,Bates
29021,MISSOURI,MO,Buchanan
29025,MISSOURI,MO,Caldwell
29031,MISSOURI,MO,Cape Girardeau
29033,MISSOURI,MO,Carroll
29037,MISSOURI,MO,Cass
29039,MISSOURI,MO,Cedar
29041,MISSOURI,MO,Chariton
29043,MISSOURI,MO,Christian
29045,MISSOURI,MO,Clark
29047,MISSOURI,MO,Clay
29049,MISSOURI,MO,Clinton
29051,MISSOURI,MO,Cole
29057,MISSOURI,MO,Dade
29059,MISSOURI,MO,Dallas
29061,MISSOURI,MO,Daviess
29071,MISSOURI,MO,Franklin
29073,MISSOURI,MO,Gasconade
29075,MISSOURI,MO,Gentry
29079,MISSOURI,MO,Grundy
29081,MISSOURI,MO,Harrison
29083,MISSOURI,MO,Henry
29087,MISSOURI,MO,Holt
29089,MISSOURI,MO,Howard
29091,MISSOURI,MO,Howell
29097,MISSOURI,MO,Jasper
29099,MISSOURI,MO,Jefferson
29103,MISSOURI,MO,Knox
29105,MISSOURI,MO,Laclede
29107,MISSOURI,MO,Lafayette
29109,MISSOURI,MO,Lawrence
29113,MISSOURI,MO,Lincoln
29115,MISSOURI,MO,Linn
29121,MISSOURI,MO,Macon
29125,MISSOURI,MO,Maries
29127,MISSOURI,MO,Marion
29129,MISSOURI,MO,Mercer
29131,MISSOURI,MO,Miller
29137,MISSOURI,MO,Monroe
29139,MISSOURI,MO,Montgomery
29141,MISSOURI,MO,Morgan
29145,MISSOURI,MO,Newton
29151,MISSOURI,MO,Osage
29157,MISSOURI,MO,Perry
29159,MISSOURI,MO,Pettis
29161,MISSOURI,MO,Phelps
29167,MISSOURI,MO,Polk
29171,MISSOURI,MO,Putnam
29173,MISSOURI,MO,Ralls
29177,MISSOURI,MO,Ray
29183,MISSOURI,MO,St. Charles
29186,MISSOURI,MO,Ste. Genevieve
29189,MISSOURI,MO,St. Louis
29195,MISSOURI,MO,Saline
29205,MISSOURI,MO,Shelby
29217,MISSOURI,MO,Vernon
29219,MISSOURI,MO,Warren
29227,MISSOURI,MO,Worth
30001,MONTANA,MT,Beaverhead
30007,MONTANA,MT,Broadwater
30009,MONTANA,MT,Carbon
30013,MONTANA,MT,Cascade
30015,MONTANA,MT,Chouteau
30017,MONTANA,MT,Custer
30021,MONTANA,MT,Dawson
30025,MONTANA,MT,Fallon
30027,MONTANA,MT,Fergus
30029,MONTANA,MT,Flathead
30031,MONTANA,MT,Gallatin
30033,MONTANA,MT,Garfield
30043,MONTANA,MT,Jefferson
30045,MONTANA,MT,Judith Basin
30047,MONTANA,MT,Lake
30049,MONTANA,MT,Lewis and Clark
30059,MONTANA,MT,Meagher
30063,MONTANA,MT,Missoula
30067,MONTANA,MT,Park
30069,MONTANA,MT,Petroleum
30071,MONTANA,MT,Phillips
30073,MONTANA,MT,Pondera
30075,MONTANA,MT,Powder River
30081,MONTANA,MT,Ravalli
30083,MONTANA,MT,Richland
30091,MONTANA,MT,Sheridan
30095,MONTANA,MT,Stillwater
30099,MONTANA,MT,Teton
30103,MONTANA,MT,Treasure
30105,MONTANA,MT,Valley
30107,MONTANA,MT,Wheatland
30111,MONTANA,MT,Yellowstone
31001,NEBRASKA,NE,Adams
31003,NEBRASKA,NE,Antelope
31007,NEBRASKA,NE,Banner
31011,NEBRASKA,NE,Boone
31019,NEBRASKA,NE,Buffalo
31021,NEBRASKA,NE,Burt
31023,NEBRASKA,NE,Butler
31025,NEBRASKA,NE,Cass
31027,NEBRASKA,NE,Cedar
31031,NEBRASKA,NE,Cherry
31033,NEBRASKA,NE,Cheyenne
31035,NEBRASKA,NE,Clay
31039,NEBRASKA,NE,Cuming
31041,NEBRASKA,NE,Custer
31051,NEBRASKA,NE,Dixon
31053,NEBRASKA,NE,Dodge
31059,NEBRASKA,NE,Fillmore
31065,NEBRASKA,NE,Furnas
31067,NEBRASKA,NE,Gage
31075,NEBRASKA,NE,Grant
31081,NEBRASKA,NE,Hamilton
31085,NEBRASKA,NE,Hayes
31089,NEBRASKA,NE,Holt
31093,NEBRASKA,NE,Howard
31095,NEBRASKA,NE,Jefferson
31099,NEBRASKA,NE,Kearney
31103,NEBRASKA,NE,Keya Paha
31107,NEBRASKA,NE,Knox
31111,NEBRASKA,NE,Lincoln
31121,NEBRASKA,NE,Merrick
31123,NEBRASKA,NE,Morrill
31125,NEBRASKA,NE,Nance
31127,NEBRASKA,NE,Nemaha
31131,NEBRASKA,NE,Otoe
31135,NEBRASKA,NE,Perkins
31137,NEBRASKA,NE,Phelps
31139,NEBRASKA,NE,Pierce
31143,NEBRASKA,NE,Polk
31145,NEBRASKA,NE,Red Willow
31147,NEBRASKA,NE,Richardson
31155,NEBRASKA,NE,Saunders
31157,NEBRASKA,NE,Scotts Bluff
31165,NEBRASKA,NE,Sioux
31167,NEBRASKA,NE,Stanton
31171,NEBRASKA,NE,Thomas
31177,NEBRASKA,NE,Washington
31181,NEBRASKA,NE,Webster
31183,NEBRASKA,NE,Wheeler
31185,NEBRASKA,NE,York
32001,NEVADA,NV,Churchill
32019,NEVADA,NV,Lyon
33001,NEW HAMPSHIRE,NH,Belknap
33005,NEW HAMPSHIRE,NH,Cheshire
33007,NEW HAMPSHIRE,NH,Coos
33009,NEW HAMPSHIRE,NH,Grafton
33013,NEW HAMPSHIRE,NH,Merrimack
33015,NEW HAMPSHIRE,NH,Rockingham
33017,NEW HAMPSHIRE,NH,Strafford
33019,NEW HAMPSHIRE,NH,Sullivan
34005,NEW JERSEY,NJ,Burlington
34015,NEW JERSEY,NJ,Gloucester
34019,NEW JERSEY,NJ,Hunterdon
34029,NEW JERSEY,NJ,Ocean
34033,NEW JERSEY,NJ,Salem
34037,NEW JERSEY,NJ,Sussex
34041,NEW JERSEY,NJ,Warren
35028,NEW MEXICO,NM,Los Alamos
36017,NEW YORK,NY,Chenango
36021,NEW YORK,NY,Columbia
36023,NEW YORK,NY,Cortland
36025,NEW YORK,NY,Delaware
36027,NEW YORK,NY,Dutchess
36031,NEW YORK,NY,Essex
36035,NEW YORK,NY,Fulton
36037,NEW YORK,NY,Genesee
36039,NEW YORK,NY,Greene
36045,NEW YORK,NY,Jefferson
36049,NEW YORK,NY,Lewis
36053,NEW YORK,NY,Madison
36063,NEW YORK,NY,Niagara
36069,NEW YORK,NY,Ontario
36073,NEW YORK,NY,Orleans
36075,NEW YORK,NY,Oswego
36079,NEW YORK,NY,Putnam
36083,NEW YORK,NY,Rensselaer
36091,NEW YORK,NY,Saratoga
36095,NEW YORK,NY,Schoharie
36097,NEW YORK,NY,Schuyler
36101,NEW YORK,NY,Steuben
36103,NEW YORK,NY,Suffolk
36107,NEW YORK,NY,Tioga
36111,NEW YORK,NY,Ulster
36113,NEW YORK,NY,Warren
36115,NEW YORK,NY,Washington
36117,NEW YORK,NY,Wayne
36121,NEW YORK,NY,Wyoming
37001,NORTH CAROLINA,NC,Alamance
37009,NORTH CAROLINA,NC,Ashe
37021,NORTH CAROLINA,NC,Buncombe
37023,NORTH CAROLINA,NC,Burke
37025,NORTH CAROLINA,NC,Cabarrus
37027,NORTH CAROLINA,NC,Caldwell
37031,NORTH CAROLINA,NC,Carteret
37035,NORTH CAROLINA,NC,Catawba
37037,NORTH CAROLINA,NC,Chatham
37049,NORTH CAROLINA,NC,Craven
37053,NORTH CAROLINA,NC,Currituck
37055,NORTH CAROLINA,NC,Dare
37057,NORTH CAROLINA,NC,Davidson
37059,NORTH CAROLINA,NC,Davie
37069,NORTH CAROLINA,NC,Franklin
37071,NORTH CAROLINA,NC,Gaston
37077,NORTH CAROLINA,NC,Granville
37087,NORTH CAROLINA,NC,Haywood
37097,NORTH CAROLINA,NC,Iredell
37101,NORTH CAROLINA,NC,Johnston
37109,NORTH CAROLINA,NC,Lincoln
37115,NORTH CAROLINA,NC,Madison
37121,NORTH CAROLINA,NC,Mitchell
37123,NORTH CAROLINA,NC,Montgomery
37125,NORTH CAROLINA,NC,Moore
37127,NORTH CAROLINA,NC,Nash
37139,NORTH CAROLINA,NC,Pasquotank
37141,NORTH CAROLINA,NC,Pender
37145,NORTH CAROLINA,NC,Person
37151,NORTH CAROLINA,NC,Randolph
37157,NORTH CAROLINA,NC,Rockingham
37159,NORTH CAROLINA,NC,Rowan
37161,NORTH CAROLINA,NC,Rutherford
37167,NORTH CAROLINA,NC,Stanly
37169,NORTH CAROLINA,NC,Stokes
37171,NORTH CAROLINA,NC,Surry
37197,NORTH CAROLINA,NC,Yadkin
38001,NORTH DAKOTA,ND,Adams
38003,NORTH DAKOTA,ND,Barnes
38007,NORTH DAKOTA,ND,Billings
38009,NORTH DAKOTA,ND,Bottineau
38011,NORTH DAKOTA,ND,Bowman
38021,NORTH DAKOTA,ND,Dickey
38025,NORTH DAKOTA,ND,Dunn
38027,NORTH DAKOTA,ND,Eddy
38031,NORTH DAKOTA,ND,Foster
38033,NORTH DAKOTA,ND,Golden Valley
38041,NORTH DAKOTA,ND,Hettinger
38043,NORTH DAKOTA,ND,Kidder
38049,NORTH DAKOTA,ND,McHenry
38055,NORTH DAKOTA,ND,McLean
38057,NORTH DAKOTA,ND,Mercer
38059,NORTH DAKOTA,ND,Morton
38065,NORTH DAKOTA,ND,Oliver
38067,NORTH DAKOTA,ND,Pembina
38069,NORTH DAKOTA,ND,Pierce
38073,NORTH DAKOTA,ND,Ransom
38075,NORTH DAKOTA,ND,Renville
38081,NORTH DAKOTA,ND,Sargent
38091,NORTH DAKOTA,ND,Steele
38095,NORTH DAKOTA,ND,Towner
38097,NORTH DAKOTA,ND,Traill
38099,NORTH DAKOTA,ND,Walsh
39003,OHIO,OH,Allen
39005,OHIO,OH,Ashland
39007,OHIO,OH,Ashtabula
39011,OHIO,OH,Auglaize
39013,OHIO,OH,Belmont
39015,OHIO,OH,Brown
39017,OHIO,OH,Butler
39019,OHIO,OH,Carroll
39021,OHIO,OH,Champaign
39023,OHIO,OH,Clark
39025,OHIO,OH,Clermont
39027,OHIO,OH,Clinton
39029,OHIO,OH,Columbiana
39033,OHIO,OH,Crawford
39037,OHIO,OH,Darke
39039,OHIO,OH,Defiance
39043,OHIO,OH,Erie
39045,OHIO,OH,Fairfield
39051,OHIO,OH,Fulton
39053,OHIO,OH,Gallia
39055,OHIO,OH,Geauga
39057,OHIO,OH,Greene
39059,OHIO,OH,Guernsey
39063,OHIO,OH,Hancock
39065,OHIO,OH,Hardin
39067,OHIO,OH,Harrison
39069,OHIO,OH,Henry
39071,OHIO,OH,Highland
39073,OHIO,OH,Hocking
39077,OHIO,OH,Huron
39081,OHIO,OH,Jefferson
39083,OHIO,OH,Knox
39085,OHIO,OH,Lake
39089,OHIO,OH,Licking
39091,OHIO,OH,Logan
39093,OHIO,OH,Lorain
39099,OHIO,OH,Mahoning
39103,OHIO,OH,Medina
39107,OHIO,OH,Mercer
39109,OHIO,OH,Miami
39111,OHIO,OH,Monroe
39113,OHIO,OH,Montgomery
39117,OHIO,OH,Morrow
39119,OHIO,OH,Muskingum
39123,OHIO,OH,Ottawa
39125,OHIO,OH,Paulding
39127,OHIO,OH,Perry
39133,OHIO,OH,Portage
39135,OHIO,OH,Preble
39137,OHIO,OH,Putnam
39139,OHIO,OH,Richland
39141,OHIO,OH,Ross
39143,OHIO,OH,Sandusky
39147,OHIO,OH,Seneca
39149,OHIO,OH,Shelby
39151,OHIO,OH,Stark
39153,OHIO,OH,Summit
39155,OHIO,OH,Trumbull
39157,OHIO,OH,Tuscarawas
39159,OHIO,OH,Union
39161,OHIO,OH,Van Wert
39165,OHIO,OH,Warren
39167,OHIO,OH,Washington
39169,OHIO,OH,Wayne
39171,OHIO,OH,Williams
39175,OHIO,OH,Wyandot
40013,OKLAHOMA,OK,Bryan
40015,OKLAHOMA,OK,Caddo
40017,OKLAHOMA,OK,Canadian
40019,OKLAHOMA,OK,Carter
40021,OKLAHOMA,OK,Cherokee
40027,OKLAHOMA,OK,Cleveland
40031,OKLAHOMA,OK,Comanche
40033,OKLAHOMA,OK,Cotton
40035,OKLAHOMA,OK,Craig
40037,OKLAHOMA,OK,Creek
40045,OKLAHOMA,OK,Ellis
40047,OKLAHOMA,OK,Garfield
40049,OKLAHOMA,OK,Garvin
40051,OKLAHOMA,OK,Grady
40053,OKLAHOMA,OK,Grant
40065,OKLAHOMA,OK,Jackson
40071,OKLAHOMA,OK,Kay
40075,OKLAHOMA,OK,Kiowa
40081,OKLAHOMA,OK,Lincoln
40083,OKLAHOMA,OK,Logan
40085,OKLAHOMA,OK,Love
40087,OKLAHOMA,OK,McClain
40093,OKLAHOMA,OK,Major
40103,OKLAHOMA,OK,Noble
40105,OKLAHOMA,OK,Nowata
40113,OKLAHOMA,OK,Osage
40117,OKLAHOMA,OK,Pawnee
40123,OKLAHOMA,OK,Pontotoc
40125,OKLAHOMA,OK,Pottawatomie
40129,OKLAHOMA,OK,Roger Mills
40131,OKLAHOMA,OK,Rogers
40133,OKLAHOMA,OK,Seminole
40137,OKLAHOMA,OK,Stephens
40145,OKLAHOMA,OK,Wagoner
40147,OKLAHOMA,OK,Washington
40149,OKLAHOMA,OK,Washita
40153,OKLAHOMA,OK,Woodward
41007,OREGON,OR,Clatsop
41009,OREGON,OR,Columbia
41017,OREGON,OR,Deschutes
41029,OREGON,OR,Jackson
41035,OREGON,OR,Klamath
41037,OREGON,OR,Lake
41043,OREGON,OR,Linn
41053,OREGON,OR,Polk
41061,OREGON,OR,Union
41065,OREGON,OR,Wasco
41071,OREGON,OR,Yamhill
42001,PENNSYLVANIA,PA,Adams
42005,PENNSYLVANIA,PA,Armstrong
42007,PENNSYLVANIA,PA,Beaver
42009,PENNSYLVANIA,PA,Bedford
42013,PENNSYLVANIA,PA,Blair
42015,PENNSYLVANIA,PA,Bradford
42017,PENNSYLVANIA,PA,Bucks
42019,PENNSYLVANIA,PA,Butler
42025,PENNSYLVANIA,PA,Carbon
42029,PENNSYLVANIA,PA,Chester
42031,PENNSYLVANIA,PA,Clarion
42033,PENNSYLVANIA,PA,Clearfield
42035,PENNSYLVANIA,PA,Clinton
42037,PENNSYLVANIA,PA,Columbia
42039,PENNSYLVANIA,PA,Crawford
42041,PENNSYLVANIA,PA,Cumberland
42047,PENNSYLVANIA,PA,Elk
42051,PENNSYLVANIA,PA,Fayette
42055,PENNSYLVANIA,PA,Franklin
42057,PENNSYLVANIA,PA,Fulton
42063,PENNSYLVANIA,PA,Indiana
42065,PENNSYLVANIA,PA,Jefferson
42067,PENNSYLVANIA,PA,Juniata
42073,PENNSYLVANIA,PA,Lawrence
42075,PENNSYLVANIA,PA,Lebanon
42077,PENNSYLVANIA,PA,Lehigh
42081,PENNSYLVANIA,PA,Lycoming
42083,PENNSYLVANIA,PA,McKean
42085,PENNSYLVANIA,PA,Mercer
42089,PENNSYLVANIA,PA,Monroe
42095,PENNSYLVANIA,PA,Northampton
42099,PENNSYLVANIA,PA,Perry
42103,PENNSYLVANIA,PA,Pike
42105,PENNSYLVANIA,PA,Potter
42107,PENNSYLVANIA,PA,Schuylkill
42109,PENNSYLVANIA,PA,Snyder
42111,PENNSYLVANIA,PA,Somerset
42115,PENNSYLVANIA,PA,Susquehanna
42117,PENNSYLVANIA,PA,Tioga
42121,PENNSYLVANIA,PA,Venango
42123,PENNSYLVANIA,PA,Warren
42125,PENNSYLVANIA,PA,Washington
42127,PENNSYLVANIA,PA,Wayne
42129,PENNSYLVANIA,PA,Westmoreland
42131,PENNSYLVANIA,PA,Wyoming
42133,PENNSYLVANIA,PA,York
44001,RHODE ISLAND,RI,Bristol
44005,RHODE ISLAND,RI,Newport
44009,RHODE ISLAND,RI,Washington
45003,SOUTH CAROLINA,SC,Aiken
45007,SOUTH CAROLINA,SC,Anderson
45015,SOUTH CAROLINA,SC,Berkeley
45023,SOUTH CAROLINA,SC,Chester
45035,SOUTH CAROLINA,SC,Dorchester
45045,SOUTH CAROLINA,SC,Greenville
45055,SOUTH CAROLINA,SC,Kershaw
45057,SOUTH CAROLINA,SC,Lancaster
45063,SOUTH CAROLINA,SC,Lexington
45073,SOUTH CAROLINA,SC,Oconee
45077,SOUTH CAROLINA,SC,Pickens
45083,SOUTH CAROLINA,SC,Spartanburg
45091,SOUTH CAROLINA,SC,York
46015,SOUTH DAKOTA,SD,Brule
46019,SOUTH DAKOTA,SD,Butte
46025,SOUTH DAKOTA,SD,Clark
46029,SOUTH DAKOTA,SD,Codington
46039,SOUTH DAKOTA,SD,Deuel
46043,SOUTH DAKOTA,SD,Douglas
46045,SOUTH DAKOTA,SD,Edmunds
46051,SOUTH DAKOTA,SD,Grant
46053,SOUTH DAKOTA,SD,Gregory
46055,SOUTH DAKOTA,SD,Haakon
46059,SOUTH DAKOTA,SD,Hand
46063,SOUTH DAKOTA,SD,Harding
46067,SOUTH DAKOTA,SD,Hutchinson
46077,SOUTH DAKOTA,SD,Kingsbury
46079,SOUTH DAKOTA,SD,Lake
46081,SOUTH DAKOTA,SD,Lawrence
46093,SOUTH DAKOTA,SD,Meade
46097,SOUTH DAKOTA,SD,Miner
46101,SOUTH DAKOTA,SD,Moody
46105,SOUTH DAKOTA,SD,Perkins
46111,SOUTH DAKOTA,SD,Sanborn
46115,SOUTH DAKOTA,SD,Spink
46117,SOUTH DAKOTA,SD,Stanley
46119,SOUTH DAKOTA,SD,Sully
46123,SOUTH DAKOTA,SD,Tripp
46125,SOUTH DAKOTA,SD,Turner
46129,SOUTH DAKOTA,SD,Walworth
47001,TENNESSEE,TN,Anderson
47003,TENNESSEE,TN,Bedford
47009,TENNESSEE,TN,Blount
47011,TENNESSEE,TN,Bradley
47015,TENNESSEE,TN,Cannon
47019,TENNESSEE,TN,Carter
47021,TENNESSEE,TN,Cheatham
47025,TENNESSEE,TN,Claiborne
47031,TENNESSEE,TN,Coffee
47033,TENNESSEE,TN,Crockett
47039,TENNESSEE,TN,Decatur
47041,TENNESSEE,TN,DeKalb
47043,TENNESSEE,TN,Dickson
47047,TENNESSEE,TN,Fayette
47051,TENNESSEE,TN,Franklin
47053,TENNESSEE,TN,Gibson
47055,TENNESSEE,TN,Giles
47063,TENNESSEE,TN,Hamblen
47065,TENNESSEE,TN,Hamilton
47071,TENNESSEE,TN,Hardin
47077,TENNESSEE,TN,Henderson
47079,TENNESSEE,TN,Henry
47081,TENNESSEE,TN,Hickman
47089,TENNESSEE,TN,Jefferson
47099,TENNESSEE,TN,Lawrence
47101,TENNESSEE,TN,Lewis
47103,TENNESSEE,TN,Lincoln
47107,TENNESSEE,TN,McMinn
47111,TENNESSEE,TN,Macon
47113,TENNESSEE,TN,Madison
47115,TENNESSEE,TN,Marion
47117,TENNESSEE,TN,Marshall
47119,TENNESSEE,TN,Maury
47127,TENNESSEE,TN,Moore
47131,TENNESSEE,TN,Obion
47133,TENNESSEE,TN,Overton
47139,TENNESSEE,TN,Polk
47141,TENNESSEE,TN,Putnam
47143,TENNESSEE,TN,Rhea
47145,TENNESSEE,TN,Roane
47147,TENNESSEE,TN,Robertson
47149,TENNESSEE,TN,Rutherford
47155,TENNESSEE,TN,Sevier
47159,TENNESSEE,TN,Smith
47161,TENNESSEE,TN,Stewart
47163,TENNESSEE,TN,Sullivan
47165,TENNESSEE,TN,Sumner
47167,TENNESSEE,TN,Tipton
47177,TENNESSEE,TN,Warren
47179,TENNESSEE,TN,Washington
47183,TENNESSEE,TN,Weakley
47185,TENNESSEE,TN,White
47189,TENNESSEE,TN,Wilson
48009,TEXAS,TX,Archer
48011,TEXAS,TX,Armstrong
48023,TEXAS,TX,Baylor
48031,TEXAS,TX,Blanco
48043,TEXAS,TX,Brewster
48049,TEXAS,TX,Brown
48053,TEXAS,TX,Burnet
48059,TEXAS,TX,Callahan
48065,TEXAS,TX,Carson
48067,TEXAS,TX,Cass
48077,TEXAS,TX,Clay
48083,TEXAS,TX,Coleman
48091,TEXAS,TX,Comal
48097,TEXAS,TX,Cooke
48119,TEXAS,TX,Delta
48143,TEXAS,TX,Erath
48149,TEXAS,TX,Fayette
48151,TEXAS,TX,Fisher
48159,TEXAS,TX,Franklin
48175,TEXAS,TX,Goliad
48179,TEXAS,TX,Gray
48181,TEXAS,TX,Grayson
48183,TEXAS,TX,Gregg
48187,TEXAS,TX,Guadalupe
48203,TEXAS,TX,Harrison
48221,TEXAS,TX,Hood
48223,TEXAS,TX,Hopkins
48233,TEXAS,TX,Hutchinson
48235,TEXAS,TX,Irion
48241,TEXAS,TX,Jasper
48251,TEXAS,TX,Johnson
48259,TEXAS,TX,Kendall
48277,TEXAS,TX,Lamar
48281,TEXAS,TX,Lampasas
48307,TEXAS,TX,McCulloch
48337,TEXAS,TX,Montague
48343,TEXAS,TX,Morris
48361,TEXAS,TX,Orange
48363,TEXAS,TX,Palo Pinto
48367,TEXAS,TX,Parker
48373,TEXAS,TX,Polk
48381,TEXAS,TX,Randall
48387,TEXAS,TX,Red River
48395,TEXAS,TX,Robertson
48399,TEXAS,TX,Runnels
48441,TEXAS,TX,Taylor
48459,TEXAS,TX,Upshur
48467,TEXAS,TX,Van Zandt
48477,TEXAS,TX,Washington
48503,TEXAS,TX,Young
49017,UTAH,UT,Garfield
49025,UTAH,UT,Kane
49055,UTAH,UT,Wayne
50003,VERMONT,VT,Bennington
50005,VERMONT,VT,Caledonia
50011,VERMONT,VT,Franklin
50013,VERMONT,VT,Grand Isle
50015,VERMONT,VT,Lamoille
50017,VERMONT,VT,Orange
50019,VERMONT,VT,Orleans
50023,VERMONT,VT,Washington
50025,VERMONT,VT,Windham
50027,VERMONT,VT,Windsor
51005,VIRGINIA,VA,Alleghany
51007,VIRGINIA,VA,Amelia
51009,VIRGINIA,VA,Amherst
51011,VIRGINIA,VA,Appomattox
51015,VIRGINIA,VA,Augusta
51017,VIRGINIA,VA,Bath
51019,VIRGINIA,VA,Bedford
51023,VIRGINIA,VA,Botetourt
51031,VIRGINIA,VA,Campbell
51033,VIRGINIA,VA,Caroline
51035,VIRGINIA,VA,Carroll
51041,VIRGINIA,VA,Chesterfield
51043,VIRGINIA,VA,Clarke
51045,VIRGINIA,VA,Craig
51047,VIRGINIA,VA,Culpeper
51049,VIRGINIA,VA,Cumberland
51053,VIRGINIA,VA,Dinwiddie
51057,VIRGINIA,VA,Essex
51061,VIRGINIA,VA,Fauquier
51063,VIRGINIA,VA,Floyd
51065,VIRGINIA,VA,Fluvanna
51067,VIRGINIA,VA,Franklin
51069,VIRGINIA,VA,Frederick
51071,VIRGINIA,VA,Giles
51073,VIRGINIA,VA,Gloucester
51075,VIRGINIA,VA,Goochland
51077,VIRGINIA,VA,Grayson
51079,VIRGINIA,VA,Greene
51083,VIRGINIA,VA,Halifax
51085,VIRGINIA,VA,Hanover
51089,VIRGINIA,VA,Henry
51093,VIRGINIA,VA,Isle of Wight
51095,VIRGINIA,VA,James City
51097,VIRGINIA,VA,King and Queen
51099,VIRGINIA,VA,King George
51101,VIRGINIA,VA,King William
51109,VIRGINIA,VA,Louisa
51113,VIRGINIA,VA,Madison
51127,VIRGINIA,VA,New Kent
51137,VIRGINIA,VA,Orange
51139,VIRGINIA,VA,Page
51143,VIRGINIA,VA,Pittsylvania
51155,VIRGINIA,VA,Pulaski
51165,VIRGINIA,VA,Rockingham
51171,VIRGINIA,VA,Shenandoah
51177,VIRGINIA,VA,Spotsylvania
51181,VIRGINIA,VA,Surry
51187,VIRGINIA,VA,Warren
51191,VIRGINIA,VA,Washington
51193,VIRGINIA,VA,Westmoreland
51197,VIRGINIA,VA,Wythe
51199,VIRGINIA,VA,York
51550,VIRGINIA,VA,Chesapeake City
51580,VIRGINIA,VA,Covington City
51735,VIRGINIA,VA,Poquoson City
51800,VIRGINIA,VA,Suffolk City
51810,VIRGINIA,VA,Virginia Beach City
51820,VIRGINIA,VA,Waynesboro City
53003,WASHINGTON,WA,Asotin
53011,WASHINGTON,WA,Clark
53015,WASHINGTON,WA,Cowlitz
53023,WASHINGTON,WA,Garfield
53027,WASHINGTON,WA,Grays Harbor
53029,WASHINGTON,WA,Island
53035,WASHINGTON,WA,Kitsap
53037,WASHINGTON,WA,Kittitas
53041,WASHINGTON,WA,Lewis
53045,WASHINGTON,WA,Mason
53059,WASHINGTON,WA,Skamania
53065,WASHINGTON,WA,Stevens
53067,WASHINGTON,WA,Thurston
54003,WEST VIRGINIA,WV,Berkeley
54009,WEST VIRGINIA,WV,Brooke
54023,WEST VIRGINIA,WV,Grant
54025,WEST VIRGINIA,WV,Greenbrier
54029,WEST VIRGINIA,WV,Hancock
54031,WEST VIRGINIA,WV,Hardy
54033,WEST VIRGINIA,WV,Harrison
54035,WEST VIRGINIA,WV,Jackson
54037,WEST VIRGINIA,WV,Jefferson
54041,WEST VIRGINIA,WV,Lewis
54049,WEST VIRGINIA,WV,Marion
54051,WEST VIRGINIA,WV,Marshall
54053,WEST VIRGINIA,WV,Mason
54057,WEST VIRGINIA,WV,Mineral
54065,WEST VIRGINIA,WV,Morgan
54067,WEST VIRGINIA,WV,Nicholas
54073,WEST VIRGINIA,WV,Pleasants
54079,WEST VIRGINIA,WV,Putnam
54083,WEST VIRGINIA,WV,Randolph
54085,WEST VIRGINIA,WV,Ritchie
54091,WEST VIRGINIA,WV,Taylor
54095,WEST VIRGINIA,WV,Tyler
54097,WEST VIRGINIA,WV,Upshur
54103,WEST VIRGINIA,WV,Wetzel
54107,WEST VIRGINIA,WV,Wood
55003,WISCONSIN,WI,Ashland
55005,WISCONSIN,WI,Barron
55009,WISCONSIN,WI,Brown
55011,WISCONSIN,WI,Buffalo
55015,WISCONSIN,WI,Calumet
55017,WISCONSIN,WI,Chippewa
55021,WISCONSIN,WI,Columbia
55023,WISCONSIN,WI,Crawford
55027,WISCONSIN,WI,Dodge
55031,WISCONSIN,WI,Douglas
55035,WISCONSIN,WI,Eau Claire
55039,WISCONSIN,WI,Fond du Lac
55041,WISCONSIN,WI,Forest
55043,WISCONSIN,WI,Grant
55045,WISCONSIN,WI,Green
55047,WISCONSIN,WI,Green Lake
55049,WISCONSIN,WI,Iowa
55053,WISCONSIN,WI,Jackson
55055,WISCONSIN,WI,Jefferson
55057,WISCONSIN,WI,Juneau
55061,WISCONSIN,WI,Kewaunee
55065,WISCONSIN,WI,Lafayette
55067,WISCONSIN,WI,Langlade
55069,WISCONSIN,WI,Lincoln
55071,WISCONSIN,WI,Manitowoc
55073,WISCONSIN,WI,Marathon
55075,WISCONSIN,WI,Marinette
55077,WISCONSIN,WI,Marquette
55081,WISCONSIN,WI,Monroe
55083,WISCONSIN,WI,Oconto
55087,WISCONSIN,WI,Outagamie
55089,WISCONSIN,WI,Ozaukee
55091,WISCONSIN,WI,Pepin
55093,WISCONSIN,WI,Pierce
55095,WISCONSIN,WI,Polk
55097,WISCONSIN,WI,Portage
55101,WISCONSIN,WI,Racine
55103,WISCONSIN,WI,Richland
55105,WISCONSIN,WI,Rock
55107,WISCONSIN,WI,Rusk
55109,WISCONSIN,WI,St. Croix
55111,WISCONSIN,WI,Sauk
55115,WISCONSIN,WI,Shawano
55117,WISCONSIN,WI,Sheboygan
55119,WISCONSIN,WI,Taylor
55121,WISCONSIN,WI,Trempealeau
55123,WISCONSIN,WI,Vernon
55127,WISCONSIN,WI,Walworth
55131,WISCONSIN,WI,Washington
55135,WISCONSIN,WI,Waupaca
55137,WISCONSIN,WI,Waushara
55141,WISCONSIN,WI,Wood
56003,WYOMING,WY,Big Horn
56007,WYOMING,WY,Carbon
56009,WYOMING,WY,Converse
56011,WYOMING,WY,Crook
56013,WYOMING,WY,Fremont
56015,WYOMING,WY,Goshen
56019,WYOMING,WY,Johnson
56021,WYOMING,WY,Laramie
56025,WYOMING,WY,Natrona
56029,WYOMING,WY,Park
56031,WYOMING,WY,Platte
56033,WYOMING,WY,Sheridan
56035,WYOMING,WY,Sublette
56043,WYOMING,WY,Washakie
56045,WYOMING,WY,Weston
1003,ALABAMA,AL,Baldwin
1019,ALABAMA,AL,Cherokee
1021,ALABAMA,AL,Chilton
1027,ALABAMA,AL,Clay
1041,ALABAMA,AL,Crenshaw
1049,ALABAMA,AL,DeKalb
1057,ALABAMA,AL,Fayette
1061,ALABAMA,AL,Geneva
1073,ALABAMA,AL,Jefferson
1075,ALABAMA,AL,Lamar
1081,ALABAMA,AL,Lee
1093,ALABAMA,AL,Marion
1109,ALABAMA,AL,Pike
1123,ALABAMA,AL,Tallapoosa
1125,ALABAMA,AL,Tuscaloosa
2068,ALASKA,AK,Denali
2090,ALASKA,AK,Fairbanks North Star
2110,ALASKA,AK,Juneau City and Borough
2122,ALASKA,AK,Kenai Peninsula
2195,ALASKA,AK,Petersburg
2220,ALASKA,AK,Sitka City and Borough
2230,ALASKA,AK,Skagway
2275,ALASKA,AK,Wrangell City and Borough
4003,ARIZONA,AZ,Cochise
4019,ARIZONA,AZ,Pima
4025,ARIZONA,AZ,Yavapai
5003,ARKANSAS,AR,Ashley
5005,ARKANSAS,AR,Baxter
5007,ARKANSAS,AR,Benton
5015,ARKANSAS,AR,Carroll
5019,ARKANSAS,AR,Clark
5023,ARKANSAS,AR,Cleburne
5025,ARKANSAS,AR,Cleveland
5029,ARKANSAS,AR,Conway
5031,ARKANSAS,AR,Craighead
5043,ARKANSAS,AR,Drew
5055,ARKANSAS,AR,Greene
5059,ARKANSAS,AR,Hot Spring
5061,ARKANSAS,AR,Howard
5071,ARKANSAS,AR,Johnson
5073,ARKANSAS,AR,Lafayette
5075,ARKANSAS,AR,Lawrence
5081,ARKANSAS,AR,Little River
5091,ARKANSAS,AR,Miller
5103,ARKANSAS,AR,Ouachita
5105,ARKANSAS,AR,Perry
5109,ARKANSAS,AR,Pike
5139,ARKANSAS,AR,Union
5143,ARKANSAS,AR,Washington
6009,CALIFORNIA,CA,Calaveras
6033,CALIFORNIA,CA,Lake
6035,CALIFORNIA,CA,Lassen
6041,CALIFORNIA,CA,Marin
6043,CALIFORNIA,CA,Mariposa
6049,CALIFORNIA,CA,Modoc
6057,CALIFORNIA,CA,Nevada
6063,CALIFORNIA,CA,Plumas
6091,CALIFORNIA,CA,Sierra
6105,CALIFORNIA,CA,Trinity
6109,CALIFORNIA,CA,Tuolumne
8003,COLORADO,CO,Alamosa
8005,COLORADO,CO,Arapahoe
8007,COLORADO,CO,Archuleta
8009,COLORADO,CO,Baca
8013,COLORADO,CO,Boulder
8014,COLORADO,CO,Broomfield
8015,COLORADO,CO,Chaffee
8017,COLORADO,CO,Cheyenne
8027,COLORADO,CO,Custer
8029,COLORADO,CO,Delta
8035,COLORADO,CO,Douglas
8041,COLORADO,CO,El Paso
8043,COLORADO,CO,Fremont
8049,COLORADO,CO,Grand
8059,COLORADO,CO,Jefferson
8061,COLORADO,CO,Kiowa
8063,COLORADO,CO,Kit Carson
8069,COLORADO,CO,Larimer
8079,COLORADO,CO,Mineral
8081,COLORADO,CO,Moffat
8091,COLORADO,CO,Ouray
8095,COLORADO,CO,Phillips
8097,COLORADO,CO,Pitkin
8107,COLORADO,CO,Routt
8113,COLORADO,CO,San Miguel
8115,COLORADO,CO,Sedgwick
8123,COLORADO,CO,Weld
9013,CONNECTICUT,CT,Tolland
10003,DELAWARE,DE,New Castle
10005,DELAWARE,DE,Sussex
12001,FLORIDA,FL,Alachua
12005,FLORIDA,FL,Bay
12009,FLORIDA,FL,Brevard
12015,FLORIDA,FL,Charlotte
12017,FLORIDA,FL,Citrus
12031,FLORIDA,FL,Duval
12035,FLORIDA,FL,Flagler
12037,FLORIDA,FL,Franklin
12041,FLORIDA,FL,Gilchrist
12045,FLORIDA,FL,Gulf
12053,FLORIDA,FL,Hernando
12069,FLORIDA,FL,Lake
12073,FLORIDA,FL,Leon
12075,FLORIDA,FL,Levy
12083,FLORIDA,FL,Marion
12091,FLORIDA,FL,Okaloosa
12103,FLORIDA,FL,Pinellas
12105,FLORIDA,FL,Polk
12111,FLORIDA,FL,St. Lucie
12117,FLORIDA,FL,Seminole
12119,FLORIDA,FL,Sumter
12121,FLORIDA,FL,Suwannee
12127,FLORIDA,FL,Volusia
12131,FLORIDA,FL,Walton
13013,GEORGIA,GA,Barrow
13035,GEORGIA,GA,Butts
13051,GEORGIA,GA,Chatham
13067,GEORGIA,GA,Cobb
13083,GEORGIA,GA,Dade
13103,GEORGIA,GA,Effingham
13105,GEORGIA,GA,Elbert
13117,GEORGIA,GA,Forsyth
13131,GEORGIA,GA,Grady
13133,GEORGIA,GA,Greene
13137,GEORGIA,GA,Habersham
13149,GEORGIA,GA,Heard
13159,GEORGIA,GA,Jasper
13171,GEORGIA,GA,Lamar
13177,GEORGIA,GA,Lee
13181,GEORGIA,GA,Lincoln
13185,GEORGIA,GA,Lowndes
13195,GEORGIA,GA,Madison
13201,GEORGIA,GA,Miller
13219,GEORGIA,GA,Oconee
13221,GEORGIA,GA,Oglethorpe
13223,GEORGIA,GA,Paulding
13237,GEORGIA,GA,Putnam
13241,GEORGIA,GA,Rabun
13255,GEORGIA,GA,Spalding
13257,GEORGIA,GA,Stephens
13275,GEORGIA,GA,Thomas
13281,GEORGIA,GA,Towns
13285,GEORGIA,GA,Troup
13291,GEORGIA,GA,Union
13293,GEORGIA,GA,Upson
13305,GEORGIA,GA,Wayne
13317,GEORGIA,GA,Wilkes
16005,IDAHO,ID,Bannock
16007,IDAHO,ID,Bear Lake
16009,IDAHO,ID,Benewah
16011,IDAHO,ID,Bingham
16013,IDAHO,ID,Blaine
16015,IDAHO,ID,Boise
16019,IDAHO,ID,Bonneville
16027,IDAHO,ID,Canyon
16029,IDAHO,ID,Caribou
16041,IDAHO,ID,Franklin
16043,IDAHO,ID,Fremont
16051,IDAHO,ID,Jefferson
16059,IDAHO,ID,Lemhi
16061,IDAHO,ID,Lewis
16071,IDAHO,ID,Oneida
16079,IDAHO,ID,Shoshone
16081,IDAHO,ID,Teton
16083,IDAHO,ID,Twin Falls
16087,IDAHO,ID,Washington
17005,ILLINOIS,IL,Bond
17009,ILLINOIS,IL,Brown
17017,ILLINOIS,IL,Cass
17025,ILLINOIS,IL,Clay
17033,ILLINOIS,IL,Crawford
17037,ILLINOIS,IL,DeKalb
17041,ILLINOIS,IL,Douglas
17043,ILLINOIS,IL,DuPage
17051,ILLINOIS,IL,Fayette
17059,ILLINOIS,IL,Gallatin
17071,ILLINOIS,IL,Henderson
17085,ILLINOIS,IL,Jo Daviess
17087,ILLINOIS,IL,Johnson
17089,ILLINOIS,IL,Kane
17093,ILLINOIS,IL,Kendall
17095,ILLINOIS,IL,Knox
17101,ILLINOIS,IL,Lawrence
17103,ILLINOIS,IL,Lee
17107,ILLINOIS,IL,Logan
17113,ILLINOIS,IL,McLean
17121,ILLINOIS,IL,Marion
17135,ILLINOIS,IL,Montgomery
17137,ILLINOIS,IL,Morgan
17139,ILLINOIS,IL,Moultrie
17145,ILLINOIS,IL,Perry
17157,ILLINOIS,IL,Randolph
17169,ILLINOIS,IL,Schuyler
17177,ILLINOIS,IL,Stephenson
17183,ILLINOIS,IL,Vermilion
18011,INDIANA,IN,Boone
18017,INDIANA,IN,Cass
18039,INDIANA,IN,Elkhart
18053,INDIANA,IN,Grant
18057,INDIANA,IN,Hamilton
18075,INDIANA,IN,Jay
18077,INDIANA,IN,Jefferson
18121,INDIANA,IN,Parke
18123,INDIANA,IN,Perry
18133,INDIANA,IN,Putnam
18153,INDIANA,IN,Sullivan
18163,INDIANA,IN,Vanderburgh
18167,INDIANA,IN,Vigo
19009,IOWA,IA,Audubon
19013,IOWA,IA,Black Hawk
19019,IOWA,IA,Buchanan
19025,IOWA,IA,Calhoun
19053,IOWA,IA,Decatur
19057,IOWA,IA,Des Moines
19059,IOWA,IA,Dickinson
19063,IOWA,IA,Emmet
19103,IOWA,IA,Johnson
19113,IOWA,IA,Linn
19115,IOWA,IA,Louisa
19119,IOWA,IA,Lyon
19127,IOWA,IA,Marshall
19137,IOWA,IA,Montgomery
19153,IOWA,IA,Polk
19157,IOWA,IA,Poweshiek
19167,IOWA,IA,Sioux
19191,IOWA,IA,Winneshiek
19193,IOWA,IA,Woodbury
20003,KANSAS,KS,Anderson
20005,KANSAS,KS,Atchison
20021,KANSAS,KS,Cherokee
20023,KANSAS,KS,Cheyenne
20033,KANSAS,KS,Comanche
20039,KANSAS,KS,Decatur
20043,KANSAS,KS,Doniphan
20045,KANSAS,KS,Douglas
20047,KANSAS,KS,Edwards
20053,KANSAS,KS,Ellsworth
20063,KANSAS,KS,Gove
20065,KANSAS,KS,Graham
20073,KANSAS,KS,Greenwood
20089,KANSAS,KS,Jewell
20091,KANSAS,KS,Johnson
20129,KANSAS,KS,Morton
20135,KANSAS,KS,Ness
20137,KANSAS,KS,Norton
20145,KANSAS,KS,Pawnee
20149,KANSAS,KS,Pottawatomie
20153,KANSAS,KS,Rawlins
20157,KANSAS,KS,Republic
20171,KANSAS,KS,Scott
20177,KANSAS,KS,Shawnee
20183,KANSAS,KS,Smith
20187,KANSAS,KS,Stanton
20203,KANSAS,KS,Wichita
20205,KANSAS,KS,Wilson
20207,KANSAS,KS,Woodson
21001,KENTUCKY,KY,Adair
21019,KENTUCKY,KY,Boyd
21021,KENTUCKY,KY,Boyle
21027,KENTUCKY,KY,Breckinridge
21031,KENTUCKY,KY,Butler
21033,KENTUCKY,KY,Caldwell
21035,KENTUCKY,KY,Calloway
21037,KENTUCKY,KY,Campbell
21057,KENTUCKY,KY,Cumberland
21061,KENTUCKY,KY,Edmonson
21067,KENTUCKY,KY,Fayette
21077,KENTUCKY,KY,Gallatin
21081,KENTUCKY,KY,Grant
21085,KENTUCKY,KY,Grayson
21105,KENTUCKY,KY,Hickman
21111,KENTUCKY,KY,Jefferson
21113,KENTUCKY,KY,Jessamine
21137,KENTUCKY,KY,Lincoln
21139,KENTUCKY,KY,Livingston
21155,KENTUCKY,KY,Marion
21167,KENTUCKY,KY,Mercer
21173,KENTUCKY,KY,Montgomery
21177,KENTUCKY,KY,Muhlenberg
21183,KENTUCKY,KY,Ohio
21187,KENTUCKY,KY,Owen
21197,KENTUCKY,KY,Powell
21221,KENTUCKY,KY,Trigg
21225,KENTUCKY,KY,Union
21233,KENTUCKY,KY,Webster
22005,LOUISIANA,LA,Ascension
22011,LOUISIANA,LA,Beauregard
22023,LOUISIANA,LA,Cameron
22053,LOUISIANA,LA,Jefferson Davis
22057,LOUISIANA,LA,Lafourche
22073,LOUISIANA,LA,Ouachita
22079,LOUISIANA,LA,Rapides
22081,LOUISIANA,LA,Red River
22089,LOUISIANA,LA,St. Charles
22099,LOUISIANA,LA,St. Martin
22111,LOUISIANA,LA,Union
22121,LOUISIANA,LA,West Baton Rouge
22123,LOUISIANA,LA,West Carroll
22125,LOUISIANA,LA,West Feliciana
23003,MAINE,ME,Aroostook
23015,MAINE,ME,Lincoln
24003,MARYLAND,MD,Anne Arundel
24005,MARYLAND,MD,Baltimore
24011,MARYLAND,MD,Caroline
24017,MARYLAND,MD,Charles
24027,MARYLAND,MD,Howard
24041,MARYLAND,MD,Talbot
24045,MARYLAND,MD,Wicomico
25001,MASSACHUSETTS,MA,Barnstable
25005,MASSACHUSETTS,MA,Bristol
25015,MASSACHUSETTS,MA,Hampshire
25021,MASSACHUSETTS,MA,Norfolk
25027,MASSACHUSETTS,MA,Worcester
26003,MICHIGAN,MI,Alger
26009,MICHIGAN,MI,Antrim
26011,MICHIGAN,MI,Arenac
26013,MICHIGAN,MI,Baraga
26019,MICHIGAN,MI,Benzie
26025,MICHIGAN,MI,Calhoun
26031,MICHIGAN,MI,Cheboygan
26039,MICHIGAN,MI,Crawford
26045,MICHIGAN,MI,Eaton
26051,MICHIGAN,MI,Gladwin
26057,MICHIGAN,MI,Gratiot
26065,MICHIGAN,MI,Ingham
26071,MICHIGAN,MI,Iron
26077,MICHIGAN,MI,Kalamazoo
26081,MICHIGAN,MI,Kent
26083,MICHIGAN,MI,Keweenaw
26089,MICHIGAN,MI,Leelanau
26101,MICHIGAN,MI,Manistee
26125,MICHIGAN,MI,Oakland
26131,MICHIGAN,MI,Ontonagon
26141,MICHIGAN,MI,Presque Isle
26161,MICHIGAN,MI,Washtenaw
27001,MINNESOTA,MN,Aitkin
27007,MINNESOTA,MN,Beltrami
27009,MINNESOTA,MN,Benton
27011,MINNESOTA,MN,Big Stone
27013,MINNESOTA,MN,Blue Earth
27019,MINNESOTA,MN,Carver
27021,MINNESOTA,MN,Cass
27027,MINNESOTA,MN,Clay
27037,MINNESOTA,MN,Dakota
27039,MINNESOTA,MN,Dodge
27057,MINNESOTA,MN,Hubbard
27073,MINNESOTA,MN,Lac qui Parle
27075,MINNESOTA,MN,Lake
27077,MINNESOTA,MN,Lake of the Woods
27081,MINNESOTA,MN,Lincoln
27083,MINNESOTA,MN,Lyon
27095,MINNESOTA,MN,Mille Lacs
27099,MINNESOTA,MN,Mower
27101,MINNESOTA,MN,Murray
27109,MINNESOTA,MN,Olmsted
27113,MINNESOTA,MN,Pennington
27117,MINNESOTA,MN,Pipestone
27119,MINNESOTA,MN,Polk
27131,MINNESOTA,MN,Rice
27139,MINNESOTA,MN,Scott
27141,MINNESOTA,MN,Sherburne
27145,MINNESOTA,MN,Stearns
27149,MINNESOTA,MN,Stevens
27155,MINNESOTA,MN,Traverse
27159,MINNESOTA,MN,Wadena
27165,MINNESOTA,MN,Watonwan
27169,MINNESOTA,MN,Winona
27171,MINNESOTA,MN,Wright
28019,MISSISSIPPI,MS,Choctaw
28037,MISSISSIPPI,MS,Franklin
28067,MISSISSIPPI,MS,Jones
28073,MISSISSIPPI,MS,Lamar
28075,MISSISSIPPI,MS,Lauderdale
28077,MISSISSIPPI,MS,Lawrence
28085,MISSISSIPPI,MS,Lincoln
28131,MISSISSIPPI,MS,Stone
28137,MISSISSIPPI,MS,Tate
28139,MISSISSIPPI,MS,Tippah
28149,MISSISSIPPI,MS,Warren
28155,MISSISSIPPI,MS,Webster
29005,MISSOURI,MO,Atchison
29009,MISSOURI,MO,Barry
29017,MISSOURI,MO,Bollinger
29019,MISSOURI,MO,Boone
29027,MISSOURI,MO,Callaway
29035,MISSOURI,MO,Carter
29053,MISSOURI,MO,Cooper
29065,MISSOURI,MO,Dent
29067,MISSOURI,MO,Douglas
29077,MISSOURI,MO,Greene
29093,MISSOURI,MO,Iron
29095,MISSOURI,MO,Jackson
29101,MISSOURI,MO,Johnson
29111,MISSOURI,MO,Lewis
29117,MISSOURI,MO,Livingston
29123,MISSOURI,MO,Madison
29135,MISSOURI,MO,Moniteau
29147,MISSOURI,MO,Nodaway
29163,MISSOURI,MO,Pike
29165,MISSOURI,MO,Platte
29169,MISSOURI,MO,Pulaski
29175,MISSOURI,MO,Randolph
29179,MISSOURI,MO,Reynolds
29187,MISSOURI,MO,St. Francois
29201,MISSOURI,MO,Scott
29207,MISSOURI,MO,Stoddard
29209,MISSOURI,MO,Stone
29211,MISSOURI,MO,Sullivan
29213,MISSOURI,MO,Taney
29225,MISSOURI,MO,Webster
30011,MONTANA,MT,Carter
30019,MONTANA,MT,Daniels
30037,MONTANA,MT,Golden Valley
30039,MONTANA,MT,Granite
30055,MONTANA,MT,McCone
30057,MONTANA,MT,Madison
30065,MONTANA,MT,Musselshell
30077,MONTANA,MT,Powell
30079,MONTANA,MT,Prairie
30087,MONTANA,MT,Rosebud
30089,MONTANA,MT,Sanders
30093,MONTANA,MT,Silver Bow
30097,MONTANA,MT,Sweet Grass
30109,MONTANA,MT,Wibaux
31009,NEBRASKA,NE,Blaine
31013,NEBRASKA,NE,Box Butte
31015,NEBRASKA,NE,Boyd
31017,NEBRASKA,NE,Brown
31029,NEBRASKA,NE,Chase
31045,NEBRASKA,NE,Dawes
31049,NEBRASKA,NE,Deuel
31055,NEBRASKA,NE,Douglas
31057,NEBRASKA,NE,Dundy
31061,NEBRASKA,NE,Franklin
31063,NEBRASKA,NE,Frontier
31069,NEBRASKA,NE,Garden
31071,NEBRASKA,NE,Garfield
31073,NEBRASKA,NE,Gosper
31077,NEBRASKA,NE,Greeley
31083,NEBRASKA,NE,Harlan
31087,NEBRASKA,NE,Hitchcock
31097,NEBRASKA,NE,Johnson
31101,NEBRASKA,NE,Keith
31105,NEBRASKA,NE,Kimball
31109,NEBRASKA,NE,Lancaster
31113,NEBRASKA,NE,Logan
31115,NEBRASKA,NE,Loup
31117,NEBRASKA,NE,McPherson
31119,NEBRASKA,NE,Madison
31129,NEBRASKA,NE,Nuckolls
31141,NEBRASKA,NE,Platte
31149,NEBRASKA,NE,Rock
31151,NEBRASKA,NE,Saline
31159,NEBRASKA,NE,Seward
31161,NEBRASKA,NE,Sheridan
31163,NEBRASKA,NE,Sherman
31169,NEBRASKA,NE,Thayer
31175,NEBRASKA,NE,Valley
31179,NEBRASKA,NE,Wayne
32005,NEVADA,NV,Douglas
32007,NEVADA,NV,Elko
32011,NEVADA,NV,Eureka
32033,NEVADA,NV,White Pine
32510,NEVADA,NV,Carson City
33003,NEW HAMPSHIRE,NH,Carroll
33011,NEW HAMPSHIRE,NH,Hillsborough
34009,NEW JERSEY,NJ,Cape May
34025,NEW JERSEY,NJ,Monmouth
34027,NEW JERSEY,NJ,Morris
34035,NEW JERSEY,NJ,Somerset
35027,NEW MEXICO,NM,Lincoln
35043,NEW MEXICO,NM,Sandoval
35055,NEW MEXICO,NM,Taos
35059,NEW MEXICO,NM,Union
36003,NEW YORK,NY,Allegany
36007,NEW YORK,NY,Broome
36009,NEW YORK,NY,Cattaraugus
36011,NEW YORK,NY,Cayuga
36013,NEW YORK,NY,Chautauqua
36015,NEW YORK,NY,Chemung
36019,NEW YORK,NY,Clinton
36029,NEW YORK,NY,Erie
36033,NEW YORK,NY,Franklin
36043,NEW YORK,NY,Herkimer
36051,NEW YORK,NY,Livingston
36055,NEW YORK,NY,Monroe
36057,NEW YORK,NY,Montgomery
36059,NEW YORK,NY,Nassau
36065,NEW YORK,NY,Oneida
36071,NEW YORK,NY,Orange
36077,NEW YORK,NY,Otsego
36089,NEW YORK,NY,St. Lawrence
36093,NEW YORK,NY,Schenectady
36099,NEW YORK,NY,Seneca
36105,NEW YORK,NY,Sullivan
36123,NEW YORK,NY,Yates
37003,NORTH CAROLINA,NC,Alexander
37011,NORTH CAROLINA,NC,Avery
37013,NORTH CAROLINA,NC,Beaufort
37019,NORTH CAROLINA,NC,Brunswick
37029,NORTH CAROLINA,NC,Camden
37033,NORTH CAROLINA,NC,Caswell
37039,NORTH CAROLINA,NC,Cherokee
37043,NORTH CAROLINA,NC,Clay
37045,NORTH CAROLINA,NC,Cleveland
37047,NORTH CAROLINA,NC,Columbus
37067,NORTH CAROLINA,NC,Forsyth
37073,NORTH CAROLINA,NC,Gates
37081,NORTH CAROLINA,NC,Guilford
37085,NORTH CAROLINA,NC,Harnett
37089,NORTH CAROLINA,NC,Henderson
37099,NORTH CAROLINA,NC,Jackson
37105,NORTH CAROLINA,NC,Lee
37111,NORTH CAROLINA,NC,McDowell
37113,NORTH CAROLINA,NC,Macon
37117,NORTH CAROLINA,NC,Martin
37129,NORTH CAROLINA,NC,New Hanover
37135,NORTH CAROLINA,NC,Orange
37137,NORTH CAROLINA,NC,Pamlico
37143,NORTH CAROLINA,NC,Perquimans
37149,NORTH CAROLINA,NC,Polk
37173,NORTH CAROLINA,NC,Swain
37175,NORTH CAROLINA,NC,Transylvania
37179,NORTH CAROLINA,NC,Union
37183,NORTH CAROLINA,NC,Wake
37191,NORTH CAROLINA,NC,Wayne
37193,NORTH CAROLINA,NC,Wilkes
37195,NORTH CAROLINA,NC,Wilson
37199,NORTH CAROLINA,NC,Yancey
38013,NORTH DAKOTA,ND,Burke
38015,NORTH DAKOTA,ND,Burleigh
38017,NORTH DAKOTA,ND,Cass
38019,NORTH DAKOTA,ND,Cavalier
38023,NORTH DAKOTA,ND,Divide
38029,NORTH DAKOTA,ND,Emmons
38035,NORTH DAKOTA,ND,Grand Forks
38037,NORTH DAKOTA,ND,Grant
38039,NORTH DAKOTA,ND,Griggs
38045,NORTH DAKOTA,ND,LaMoure
38047,NORTH DAKOTA,ND,Logan
38051,NORTH DAKOTA,ND,McIntosh
38063,NORTH DAKOTA,ND,Nelson
38071,NORTH DAKOTA,ND,Ramsey
38077,NORTH DAKOTA,ND,Richland
38083,NORTH DAKOTA,ND,Sheridan
38087,NORTH DAKOTA,ND,Slope
38089,NORTH DAKOTA,ND,Stark
38093,NORTH DAKOTA,ND,Stutsman
38101,NORTH DAKOTA,ND,Ward
38103,NORTH DAKOTA,ND,Wells
39001,OHIO,OH,Adams
39031,OHIO,OH,Coshocton
39041,OHIO,OH,Delaware
39047,OHIO,OH,Fayette
39049,OHIO,OH,Franklin
39079,OHIO,OH,Jackson
39087,OHIO,OH,Lawrence
39097,OHIO,OH,Madison
39101,OHIO,OH,Marion
39115,OHIO,OH,Morgan
39129,OHIO,OH,Pickaway
39131,OHIO,OH,Pike
39173,OHIO,OH,Wood
40003,OKLAHOMA,OK,Alfalfa
40007,OKLAHOMA,OK,Beaver
40009,OKLAHOMA,OK,Beckham
40011,OKLAHOMA,OK,Blaine
40025,OKLAHOMA,OK,Cimarron
40029,OKLAHOMA,OK,Coal
40039,OKLAHOMA,OK,Custer
40041,OKLAHOMA,OK,Delaware
40043,OKLAHOMA,OK,Dewey
40057,OKLAHOMA,OK,Harmon
40063,OKLAHOMA,OK,Hughes
40069,OKLAHOMA,OK,Johnston
40073,OKLAHOMA,OK,Kingfisher
40077,OKLAHOMA,OK,Latimer
40079,OKLAHOMA,OK,Le Flore
40097,OKLAHOMA,OK,Mayes
40099,OKLAHOMA,OK,Murray
40101,OKLAHOMA,OK,Muskogee
40109,OKLAHOMA,OK,Oklahoma
40111,OKLAHOMA,OK,Okmulgee
40115,OKLAHOMA,OK,Ottawa
40121,OKLAHOMA,OK,Pittsburg
40127,OKLAHOMA,OK,Pushmataha
40143,OKLAHOMA,OK,Tulsa
40151,OKLAHOMA,OK,Woods
41001,OREGON,OR,Baker
41003,OREGON,OR,Benton
41005,OREGON,OR,Clackamas
41013,OREGON,OR,Crook
41015,OREGON,OR,Curry
41019,OREGON,OR,Douglas
41025,OREGON,OR,Harney
41027,OREGON,OR,Hood River
41031,OREGON,OR,Jefferson
41039,OREGON,OR,Lane
41041,OREGON,OR,Lincoln
41057,OREGON,OR,Tillamook
41063,OREGON,OR,Wallowa
41067,OREGON,OR,Washington
42011,PENNSYLVANIA,PA,Berks
42021,PENNSYLVANIA,PA,Cambria
42023,PENNSYLVANIA,PA,Cameron
42043,PENNSYLVANIA,PA,Dauphin
42049,PENNSYLVANIA,PA,Erie
42059,PENNSYLVANIA,PA,Greene
42061,PENNSYLVANIA,PA,Huntingdon
42069,PENNSYLVANIA,PA,Lackawanna
42071,PENNSYLVANIA,PA,Lancaster
42079,PENNSYLVANIA,PA,Luzerne
42087,PENNSYLVANIA,PA,Mifflin
42091,PENNSYLVANIA,PA,Montgomery
42093,PENNSYLVANIA,PA,Montour
42097,PENNSYLVANIA,PA,Northumberland
42113,PENNSYLVANIA,PA,Sullivan
42119,PENNSYLVANIA,PA,Union
44003,RHODE ISLAND,RI,Kent
45017,SOUTH CAROLINA,SC,Calhoun
45019,SOUTH CAROLINA,SC,Charleston
45021,SOUTH CAROLINA,SC,Cherokee
45037,SOUTH CAROLINA,SC,Edgefield
45039,SOUTH CAROLINA,SC,Fairfield
45041,SOUTH CAROLINA,SC,Florence
45043,SOUTH CAROLINA,SC,Georgetown
45047,SOUTH CAROLINA,SC,Greenwood
45051,SOUTH CAROLINA,SC,Horry
45059,SOUTH CAROLINA,SC,Laurens
45071,SOUTH CAROLINA,SC,Newberry
46003,SOUTH DAKOTA,SD,Aurora
46009,SOUTH DAKOTA,SD,Bon Homme
46013,SOUTH DAKOTA,SD,Brown
46021,SOUTH DAKOTA,SD,Campbell
46023,SOUTH DAKOTA,SD,Charles Mix
46033,SOUTH DAKOTA,SD,Custer
46035,SOUTH DAKOTA,SD,Davison
46037,SOUTH DAKOTA,SD,Day
46047,SOUTH DAKOTA,SD,Fall River
46057,SOUTH DAKOTA,SD,Hamlin
46061,SOUTH DAKOTA,SD,Hanson
46065,SOUTH DAKOTA,SD,Hughes
46069,SOUTH DAKOTA,SD,Hyde
46073,SOUTH DAKOTA,SD,Jerauld
46075,SOUTH DAKOTA,SD,Jones
46087,SOUTH DAKOTA,SD,McCook
46091,SOUTH DAKOTA,SD,Marshall
46099,SOUTH DAKOTA,SD,Minnehaha
46103,SOUTH DAKOTA,SD,Pennington
46127,SOUTH DAKOTA,SD,Union
46135,SOUTH DAKOTA,SD,Yankton
47005,TENNESSEE,TN,Benton
47017,TENNESSEE,TN,Carroll
47023,TENNESSEE,TN,Chester
47045,TENNESSEE,TN,Dyer
47059,TENNESSEE,TN,Greene
47073,TENNESSEE,TN,Hawkins
47085,TENNESSEE,TN,Humphreys
47093,TENNESSEE,TN,Knox
47105,TENNESSEE,TN,Loudon
47109,TENNESSEE,TN,McNairy
47123,TENNESSEE,TN,Monroe
47125,TENNESSEE,TN,Montgomery
47153,TENNESSEE,TN,Sequatchie
47169,TENNESSEE,TN,Trousdale
47187,TENNESSEE,TN,Williamson
48007,TEXAS,TX,Aransas
48035,TEXAS,TX,Bosque
48037,TEXAS,TX,Bowie
48045,TEXAS,TX,Briscoe
48071,TEXAS,TX,Chambers
48093,TEXAS,TX,Comanche
48121,TEXAS,TX,Denton
48125,TEXAS,TX,Dickens
48129,TEXAS,TX,Donley
48133,TEXAS,TX,Eastland
48147,TEXAS,TX,Fannin
48161,TEXAS,TX,Freestone
48167,TEXAS,TX,Galveston
48185,TEXAS,TX,Grimes
48199,TEXAS,TX,Hardin
48209,TEXAS,TX,Hays
48213,TEXAS,TX,Henderson
48217,TEXAS,TX,Hill
48231,TEXAS,TX,Hunt
48237,TEXAS,TX,Jack
48239,TEXAS,TX,Jackson
48257,TEXAS,TX,Kaufman
48265,TEXAS,TX,Kerr
48269,TEXAS,TX,King
48285,TEXAS,TX,Lavaca
48287,TEXAS,TX,Lee
48289,TEXAS,TX,Leon
48293,TEXAS,TX,Limestone
48295,TEXAS,TX,Lipscomb
48303,TEXAS,TX,Lubbock
48331,TEXAS,TX,Milam
48349,TEXAS,TX,Navarro
48351,TEXAS,TX,Newton
48353,TEXAS,TX,Nolan
48365,TEXAS,TX,Panola
48379,TEXAS,TX,Rains
48393,TEXAS,TX,Roberts
48397,TEXAS,TX,Rockwall
48401,TEXAS,TX,Rusk
48417,TEXAS,TX,Shackelford
48423,TEXAS,TX,Smith
48429,TEXAS,TX,Stephens
48433,TEXAS,TX,Stonewall
48447,TEXAS,TX,Throckmorton
48451,TEXAS,TX,Tom Green
48485,TEXAS,TX,Wichita
48493,TEXAS,TX,Wilson
48497,TEXAS,TX,Wise
48499,TEXAS,TX,Wood
49003,UTAH,UT,Box Elder
49005,UTAH,UT,Cache
49007,UTAH,UT,Carbon
49011,UTAH,UT,Davis
49013,UTAH,UT,Duchesne
49015,UTAH,UT,Emery
49019,UTAH,UT,Grand
49021,UTAH,UT,Iron
49027,UTAH,UT,Millard
49029,UTAH,UT,Morgan
49033,UTAH,UT,Rich
49041,UTAH,UT,Sevier
49043,UTAH,UT,Summit
49045,UTAH,UT,Tooele
49047,UTAH,UT,Uintah
49051,UTAH,UT,Wasatch
49057,UTAH,UT,Weber
50001,VERMONT,VT,Addison
50007,VERMONT,VT,Chittenden
50009,VERMONT,VT,Essex
50021,VERMONT,VT,Rutland
51001,VIRGINIA,VA,Accomack
51003,VIRGINIA,VA,Albemarle
51036,VIRGINIA,VA,Charles City
51037,VIRGINIA,VA,Charlotte
51087,VIRGINIA,VA,Henrico
51091,VIRGINIA,VA,Highland
51103,VIRGINIA,VA,Lancaster
51115,VIRGINIA,VA,Mathews
51117,VIRGINIA,VA,Mecklenburg
51119,VIRGINIA,VA,Middlesex
51125,VIRGINIA,VA,Nelson
51131,VIRGINIA,VA,Northampton
51133,VIRGINIA,VA,Northumberland
51145,VIRGINIA,VA,Powhatan
51147,VIRGINIA,VA,Prince Edward
51149,VIRGINIA,VA,Prince George
51157,VIRGINIA,VA,Rappahannock
51159,VIRGINIA,VA,Richmond
51161,VIRGINIA,VA,Roanoke
51163,VIRGINIA,VA,Rockbridge
51169,VIRGINIA,VA,Scott
51173,VIRGINIA,VA,Smyth
51179,VIRGINIA,VA,Stafford
51185,VIRGINIA,VA,Tazewell
51570,VIRGINIA,VA,Colonial Heights City
51610,VIRGINIA,VA,Falls Church City
51670,VIRGINIA,VA,Hopewell City
51790,VIRGINIA,VA,Staunton City
53005,WASHINGTON,WA,Benton
53007,WASHINGTON,WA,Chelan
53009,WASHINGTON,WA,Clallam
53031,WASHINGTON,WA,Jefferson
53039,WASHINGTON,WA,Klickitat
53043,WASHINGTON,WA,Lincoln
53053,WASHINGTON,WA,Pierce
53055,WASHINGTON,WA,San Juan
53061,WASHINGTON,WA,Snohomish
53063,WASHINGTON,WA,Spokane
53071,WASHINGTON,WA,Walla Walla
53073,WASHINGTON,WA,Whatcom
54001,WEST VIRGINIA,WV,Barbour
54007,WEST VIRGINIA,WV,Braxton
54011,WEST VIRGINIA,WV,Cabell
54017,WEST VIRGINIA,WV,Doddridge
54019,WEST VIRGINIA,WV,Fayette
54027,WEST VIRGINIA,WV,Hampshire
54039,WEST VIRGINIA,WV,Kanawha
54061,WEST VIRGINIA,WV,Monongalia
54063,WEST VIRGINIA,WV,Monroe
54069,WEST VIRGINIA,WV,Ohio
54071,WEST VIRGINIA,WV,Pendleton
54077,WEST VIRGINIA,WV,Preston
54081,WEST VIRGINIA,WV,Raleigh
54093,WEST VIRGINIA,WV,Tucker
55001,WISCONSIN,WI,Adams
55007,WISCONSIN,WI,Bayfield
55013,WISCONSIN,WI,Burnett
55019,WISCONSIN,WI,Clark
55025,WISCONSIN,WI,Dane
55029,WISCONSIN,WI,Door
55033,WISCONSIN,WI,Dunn
55037,WISCONSIN,WI,Florence
55051,WISCONSIN,WI,Iron
55059,WISCONSIN,WI,Kenosha
55063,WISCONSIN,WI,La Crosse
55085,WISCONSIN,WI,Oneida
55099,WISCONSIN,WI,Price
55113,WISCONSIN,WI,Sawyer
55125,WISCONSIN,WI,Vilas
55129,WISCONSIN,WI,Washburn
55133,WISCONSIN,WI,Waukesha
55139,WISCONSIN,WI,Winnebago
56001,WYOMING,WY,Albany
56005,WYOMING,WY,Campbell
56017,WYOMING,WY,Hot Springs
56023,WYOMING,WY,Lincoln
56027,WYOMING,WY,Niobrara
56037,WYOMING,WY,Sweetwater
56041,WYOMING,WY,Uinta
1007,ALABAMA,AL,Bibb
1037,ALABAMA,AL,Coosa
1053,ALABAMA,AL,Escambia
1101,ALABAMA,AL,Montgomery
1107,ALABAMA,AL,Pickens
1127,ALABAMA,AL,Walker
1129,ALABAMA,AL,Washington
2020,ALASKA,AK,Anchorage
2100,ALASKA,AK,Haines
2130,ALASKA,AK,Ketchikan Gateway
4005,ARIZONA,AZ,Coconino
4011,ARIZONA,AZ,Greenlee
5001,ARKANSAS,AR,Arkansas
5013,ARKANSAS,AR,Calhoun
5021,ARKANSAS,AR,Clay
5027,ARKANSAS,AR,Columbia
5119,ARKANSAS,AR,Pulaski
5129,ARKANSAS,AR,Searcy
5135,ARKANSAS,AR,Sharp
5141,ARKANSAS,AR,Van Buren
5149,ARKANSAS,AR,Yell
6005,CALIFORNIA,CA,Amador
6015,CALIFORNIA,CA,Del Norte
6051,CALIFORNIA,CA,Mono
6055,CALIFORNIA,CA,Napa
6087,CALIFORNIA,CA,Santa Cruz
6097,CALIFORNIA,CA,Sonoma
6103,CALIFORNIA,CA,Tehama
6111,CALIFORNIA,CA,Ventura
8033,COLORADO,CO,Dolores
8037,COLORADO,CO,Eagle
8045,COLORADO,CO,Garfield
8053,COLORADO,CO,Hinsdale
8055,COLORADO,CO,Huerfano
8073,COLORADO,CO,Lincoln
8087,COLORADO,CO,Morgan
8109,COLORADO,CO,Saguache
8111,COLORADO,CO,San Juan
8117,COLORADO,CO,Summit
8125,COLORADO,CO,Yuma
9001,CONNECTICUT,CT,Fairfield
9009,CONNECTICUT,CT,New Haven
12003,FLORIDA,FL,Baker
12007,FLORIDA,FL,Bradford
12023,FLORIDA,FL,Columbia
12055,FLORIDA,FL,Highlands
12057,FLORIDA,FL,Hillsborough
12061,FLORIDA,FL,Indian River
12065,FLORIDA,FL,Jefferson
12081,FLORIDA,FL,Manatee
12085,FLORIDA,FL,Martin
12087,FLORIDA,FL,Monroe
12099,FLORIDA,FL,Palm Beach
12115,FLORIDA,FL,Sarasota
12129,FLORIDA,FL,Wakulla
13007,GEORGIA,GA,Baker
13011,GEORGIA,GA,Banks
13023,GEORGIA,GA,Bleckley
13029,GEORGIA,GA,Bryan
13031,GEORGIA,GA,Bulloch
13053,GEORGIA,GA,Chattahoochee
13075,GEORGIA,GA,Cook
13079,GEORGIA,GA,Crawford
13111,GEORGIA,GA,Fannin
13119,GEORGIA,GA,Franklin
13129,GEORGIA,GA,Gordon
13139,GEORGIA,GA,Hall
13191,GEORGIA,GA,McIntosh
13199,GEORGIA,GA,Meriwether
13209,GEORGIA,GA,Montgomery
13213,GEORGIA,GA,Murray
13217,GEORGIA,GA,Newton
13229,GEORGIA,GA,Pierce
13247,GEORGIA,GA,Rockdale
13251,GEORGIA,GA,Screven
13253,GEORGIA,GA,Seminole
13263,GEORGIA,GA,Talbot
13277,GEORGIA,GA,Tift
13283,GEORGIA,GA,Treutlen
13319,GEORGIA,GA,Wilkinson
13321,GEORGIA,GA,Worth
15001,HAWAII,HI,Hawaii
15007,HAWAII,HI,Kauai
16031,IDAHO,ID,Cassia
16035,IDAHO,ID,Clearwater
16037,IDAHO,ID,Custer
16049,IDAHO,ID,Idaho
16057,IDAHO,ID,Latah
16067,IDAHO,ID,Minidoka
16075,IDAHO,ID,Payette
16077,IDAHO,ID,Power
17069,ILLINOIS,IL,Hardin
17097,ILLINOIS,IL,Lake
17109,ILLINOIS,IL,McDonough
17143,ILLINOIS,IL,Peoria
17165,ILLINOIS,IL,Saline
17201,ILLINOIS,IL,Winnebago
18097,INDIANA,IN,Marion
18157,INDIANA,IN,Tippecanoe
19047,IOWA,IA,Crawford
19049,IOWA,IA,Dallas
19169,IOWA,IA,Story
20019,KANSAS,KS,Chautauqua
20049,KANSAS,KS,Elk
20061,KANSAS,KS,Geary
20069,KANSAS,KS,Gray
20093,KANSAS,KS,Kearny
20161,KANSAS,KS,Riley
20189,KANSAS,KS,Stevens
21015,KENTUCKY,KY,Boone
21053,KENTUCKY,KY,Clinton
21069,KENTUCKY,KY,Fleming
21087,KENTUCKY,KY,Green
21201,KENTUCKY,KY,Robertson
21217,KENTUCKY,KY,Taylor
21223,KENTUCKY,KY,Trimble
22001,LOUISIANA,LA,Acadia
22003,LOUISIANA,LA,Allen
22007,LOUISIANA,LA,Assumption
22033,LOUISIANA,LA,East Baton Rouge
22037,LOUISIANA,LA,East Feliciana
22047,LOUISIANA,LA,Iberville
22051,LOUISIANA,LA,Jefferson
22059,LOUISIANA,LA,LaSalle
22075,LOUISIANA,LA,Plaquemines
22077,LOUISIANA,LA,Pointe Coupee
22085,LOUISIANA,LA,Sabine
22095,LOUISIANA,LA,St. John the Baptist
22119,LOUISIANA,LA,Webster
22127,LOUISIANA,LA,Winn
23021,MAINE,ME,Piscataquis
24001,MARYLAND,MD,Allegany
24019,MARYLAND,MD,Dorchester
24047,MARYLAND,MD,Worcester
25017,MASSACHUSETTS,MA,Middlesex
26001,MICHIGAN,MI,Alcona
26033,MICHIGAN,MI,Chippewa
26035,MICHIGAN,MI,Clare
26049,MICHIGAN,MI,Genesee
26069,MICHIGAN,MI,Iosco
26095,MICHIGAN,MI,Luce
26129,MICHIGAN,MI,Ogemaw
26153,MICHIGAN,MI,Schoolcraft
27031,MINNESOTA,MN,Cook
27053,MINNESOTA,MN,Hennepin
27087,MINNESOTA,MN,Mahnomen
27103,MINNESOTA,MN,Nicollet
28005,MISSISSIPPI,MS,Amite
28009,MISSISSIPPI,MS,Benton
28015,MISSISSIPPI,MS,Carroll
28023,MISSISSIPPI,MS,Clarke
28039,MISSISSIPPI,MS,George
28043,MISSISSIPPI,MS,Grenada
28071,MISSISSIPPI,MS,Lafayette
28087,MISSISSIPPI,MS,Lowndes
28091,MISSISSIPPI,MS,Marion
28107,MISSISSIPPI,MS,Panola
28111,MISSISSIPPI,MS,Perry
28117,MISSISSIPPI,MS,Prentiss
28145,MISSISSIPPI,MS,Union
28147,MISSISSIPPI,MS,Walthall
29001,MISSOURI,MO,Adair
29015,MISSOURI,MO,Benton
29023,MISSOURI,MO,Butler
29029,MISSOURI,MO,Camden
29063,MISSOURI,MO,DeKalb
29149,MISSOURI,MO,Oregon
29185,MISSOURI,MO,St. Clair
29197,MISSOURI,MO,Schuyler
29199,MISSOURI,MO,Scotland
29229,MISSOURI,MO,Wright
30023,MONTANA,MT,Deer Lodge
30041,MONTANA,MT,Hill
30053,MONTANA,MT,Lincoln
30061,MONTANA,MT,Mineral
30101,MONTANA,MT,Toole
31005,NEBRASKA,NE,Arthur
31133,NEBRASKA,NE,Pawnee
31153,NEBRASKA,NE,Sarpy
32013,NEVADA,NV,Humboldt
32017,NEVADA,NV,Lincoln
32029,NEVADA,NV,Storey
32031,NEVADA,NV,Washoe
34003,NEW JERSEY,NJ,Bergen
35001,NEW MEXICO,NM,Bernalillo
35015,NEW MEXICO,NM,Eddy
35017,NEW MEXICO,NM,Grant
35021,NEW MEXICO,NM,Harding
35035,NEW MEXICO,NM,Otero
35037,NEW MEXICO,NM,Quay
35049,NEW MEXICO,NM,Santa Fe
35061,NEW MEXICO,NM,Valencia
36001,NEW YORK,NY,Albany
36041,NEW YORK,NY,Hamilton
36067,NEW YORK,NY,Onondaga
37041,NORTH CAROLINA,NC,Chowan
37051,NORTH CAROLINA,NC,Cumberland
37075,NORTH CAROLINA,NC,Graham
37119,NORTH CAROLINA,NC,Mecklenburg
37131,NORTH CAROLINA,NC,Northampton
37133,NORTH CAROLINA,NC,Onslow
37147,NORTH CAROLINA,NC,Pitt
38105,NORTH DAKOTA,ND,Williams
39009,OHIO,OH,Athens
39035,OHIO,OH,Cuyahoga
39061,OHIO,OH,Hamilton
39105,OHIO,OH,Meigs
39121,OHIO,OH,Noble
39145,OHIO,OH,Scioto
39163,OHIO,OH,Vinton
40005,OKLAHOMA,OK,Atoka
40023,OKLAHOMA,OK,Choctaw
40059,OKLAHOMA,OK,Harper
40067,OKLAHOMA,OK,Jefferson
40089,OKLAHOMA,OK,McCurtain
40095,OKLAHOMA,OK,Marshall
40141,OKLAHOMA,OK,Tillman
41011,OREGON,OR,Coos
41021,OREGON,OR,Gilliam
41023,OREGON,OR,Grant
41033,OREGON,OR,Josephine
41047,OREGON,OR,Marion
41055,OREGON,OR,Sherman
41059,OREGON,OR,Umatilla
41069,OREGON,OR,Wheeler
42003,PENNSYLVANIA,PA,Allegheny
42045,PENNSYLVANIA,PA,Delaware
45001,SOUTH CAROLINA,SC,Abbeville
45013,SOUTH CAROLINA,SC,Beaufort
45029,SOUTH CAROLINA,SC,Colleton
45081,SOUTH CAROLINA,SC,Saluda
45085,SOUTH CAROLINA,SC,Sumter
45087,SOUTH CAROLINA,SC,Union
46011,SOUTH DAKOTA,SD,Brookings
46049,SOUTH DAKOTA,SD,Faulk
46083,SOUTH DAKOTA,SD,Lincoln
46089,SOUTH DAKOTA,SD,McPherson
46107,SOUTH DAKOTA,SD,Potter
46109,SOUTH DAKOTA,SD,Roberts
47013,TENNESSEE,TN,Campbell
47035,TENNESSEE,TN,Cumberland
47037,TENNESSEE,TN,Davidson
47049,TENNESSEE,TN,Fentress
47057,TENNESSEE,TN,Grainger
47075,TENNESSEE,TN,Haywood
47083,TENNESSEE,TN,Houston
47087,TENNESSEE,TN,Jackson
47121,TENNESSEE,TN,Meigs
47171,TENNESSEE,TN,Unicoi
47173,TENNESSEE,TN,Union
47181,TENNESSEE,TN,Wayne
48001,TEXAS,TX,Anderson
48015,TEXAS,TX,Austin
48019,TEXAS,TX,Bandera
48021,TEXAS,TX,Bastrop
48027,TEXAS,TX,Bell
48033,TEXAS,TX,Borden
48039,TEXAS,TX,Brazoria
48051,TEXAS,TX,Burleson
48063,TEXAS,TX,Camp
48073,TEXAS,TX,Cherokee
48075,TEXAS,TX,Childress
48081,TEXAS,TX,Coke
48085,TEXAS,TX,Collin
48089,TEXAS,TX,Colorado
48099,TEXAS,TX,Coryell
48123,TEXAS,TX,DeWitt
48139,TEXAS,TX,Ellis
48171,TEXAS,TX,Gillespie
48193,TEXAS,TX,Hamilton
48197,TEXAS,TX,Hardeman
48205,TEXAS,TX,Hartley
48227,TEXAS,TX,Howard
48243,TEXAS,TX,Jeff Davis
48267,TEXAS,TX,Kimble
48275,TEXAS,TX,Knox
48297,TEXAS,TX,Live Oak
48299,TEXAS,TX,Llano
48305,TEXAS,TX,Lynn
48309,TEXAS,TX,McLennan
48319,TEXAS,TX,Mason
48321,TEXAS,TX,Matagorda
48325,TEXAS,TX,Medina
48333,TEXAS,TX,Mills
48335,TEXAS,TX,Mitchell
48347,TEXAS,TX,Nacogdoches
48355,TEXAS,TX,Nueces
48359,TEXAS,TX,Oldham
48407,TEXAS,TX,San Jacinto
48431,TEXAS,TX,Sterling
48453,TEXAS,TX,Travis
48469,TEXAS,TX,Victoria
48483,TEXAS,TX,Wheeler
48487,TEXAS,TX,Wilbarger
48491,TEXAS,TX,Williamson
49001,UTAH,UT,Beaver
49009,UTAH,UT,Daggett
49023,UTAH,UT,Juab
49035,UTAH,UT,Salt Lake
49049,UTAH,UT,Utah
49053,UTAH,UT,Washington
51013,VIRGINIA,VA,Arlington
51021,VIRGINIA,VA,Bland
51025,VIRGINIA,VA,Brunswick
51059,VIRGINIA,VA,Fairfax
51107,VIRGINIA,VA,Loudoun
51111,VIRGINIA,VA,Lunenburg
51135,VIRGINIA,VA,Nottoway
51141,VIRGINIA,VA,Patrick
51167,VIRGINIA,VA,Russell
51175,VIRGINIA,VA,Southampton
51510,VIRGINIA,VA,Alexandria City
51530,VIRGINIA,VA,Buena Vista City
51600,VIRGINIA,VA,Fairfax City
51630,VIRGINIA,VA,Fredericksburg City
51650,VIRGINIA,VA,Hampton City
51775,VIRGINIA,VA,Salem City
51830,VIRGINIA,VA,Williamsburg City
51840,VIRGINIA,VA,Winchester City
53013,WASHINGTON,WA,Columbia
53017,WASHINGTON,WA,Douglas
53019,WASHINGTON,WA,Ferry
53047,WASHINGTON,WA,Okanogan
53049,WASHINGTON,WA,Pacific
53051,WASHINGTON,WA,Pend Oreille
53057,WASHINGTON,WA,Skagit
53069,WASHINGTON,WA,Wahkiakum
54055,WEST VIRGINIA,WV,Mercer
54075,WEST VIRGINIA,WV,Pocahontas
54089,WEST VIRGINIA,WV,Summers
54099,WEST VIRGINIA,WV,Wayne
54105,WEST VIRGINIA,WV,Wirt
56039,WYOMING,WY,Teton
1025,ALABAMA,AL,Clarke
1029,ALABAMA,AL,Cleburne
1059,ALABAMA,AL,Franklin
1133,ALABAMA,AL,Winston
2060,ALASKA,AK,Bristol Bay
2105,ALASKA,AK,Hoonah-Angoon
2150,ALASKA,AK,Kodiak Island
2170,ALASKA,AK,Matanuska-Susitna
2198,ALASKA,AK,Prince of Wales-Hyder
2240,ALASKA,AK,Southeast Fairbanks
4007,ARIZONA,AZ,Gila
4013,ARIZONA,AZ,Maricopa
4015,ARIZONA,AZ,Mohave
5049,ARKANSAS,AR,Fulton
5057,ARKANSAS,AR,Hempstead
5065,ARKANSAS,AR,Izard
5067,ARKANSAS,AR,Jackson
5089,ARKANSAS,AR,Marion
5097,ARKANSAS,AR,Montgomery
5101,ARKANSAS,AR,Newton
5111,ARKANSAS,AR,Poinsett
5127,ARKANSAS,AR,Scott
5137,ARKANSAS,AR,Stone
5147,ARKANSAS,AR,Woodruff
6003,CALIFORNIA,CA,Alpine
6021,CALIFORNIA,CA,Glenn
6045,CALIFORNIA,CA,Mendocino
6065,CALIFORNIA,CA,Riverside
6069,CALIFORNIA,CA,San Benito
6073,CALIFORNIA,CA,San Diego
6095,CALIFORNIA,CA,Solano
6113,CALIFORNIA,CA,Yolo
8011,COLORADO,CO,Bent
8031,COLORADO,CO,Denver
8089,COLORADO,CO,Otero
8105,COLORADO,CO,Rio Grande
9003,CONNECTICUT,CT,Hartford
11001,DISTRICT OF COLUMBIA,DC,District of Columbia
12011,FLORIDA,FL,Broward
12063,FLORIDA,FL,Jackson
12071,FLORIDA,FL,Lee
12095,FLORIDA,FL,Orange
12097,FLORIDA,FL,Osceola
12133,FLORIDA,FL,Washington
13001,GEORGIA,GA,Appling
13009,GEORGIA,GA,Baldwin
13025,GEORGIA,GA,Brantley
13027,GEORGIA,GA,Brooks
13033,GEORGIA,GA,Burke
13055,GEORGIA,GA,Chattooga
13059,GEORGIA,GA,Clarke
13087,GEORGIA,GA,Decatur
13089,GEORGIA,GA,DeKalb
13091,GEORGIA,GA,Dodge
13097,GEORGIA,GA,Douglas
13101,GEORGIA,GA,Echols
13121,GEORGIA,GA,Fulton
13125,GEORGIA,GA,Glascock
13151,GEORGIA,GA,Henry
13155,GEORGIA,GA,Irwin
13173,GEORGIA,GA,Lanier
13175,GEORGIA,GA,Laurens
13189,GEORGIA,GA,McDuffie
13197,GEORGIA,GA,Marion
13225,GEORGIA,GA,Peach
13245,GEORGIA,GA,Richmond
13249,GEORGIA,GA,Schley
13279,GEORGIA,GA,Toombs
13287,GEORGIA,GA,Turner
13315,GEORGIA,GA,Wilcox
15009,HAWAII,HI,Maui
16003,IDAHO,ID,Adams
16047,IDAHO,ID,Gooding
16063,IDAHO,ID,Lincoln
17003,ILLINOIS,IL,Alexander
17019,ILLINOIS,IL,Champaign
17151,ILLINOIS,IL,Pope
17153,ILLINOIS,IL,Pulaski
18001,INDIANA,IN,Adams
18027,INDIANA,IN,Daviess
18087,INDIANA,IN,LaGrange
18105,INDIANA,IN,Monroe
19021,IOWA,IA,Buena Vista
19051,IOWA,IA,Davis
20067,KANSAS,KS,Grant
20075,KANSAS,KS,Hamilton
21011,KENTUCKY,KY,Bath
21041,KENTUCKY,KY,Carroll
21047,KENTUCKY,KY,Christian
21099,KENTUCKY,KY,Hart
21115,KENTUCKY,KY,Johnson
21143,KENTUCKY,KY,Lyon
21165,KENTUCKY,KY,Menifee
21169,KENTUCKY,KY,Metcalfe
21171,KENTUCKY,KY,Monroe
21205,KENTUCKY,KY,Rowan
21207,KENTUCKY,KY,Russell
21219,KENTUCKY,KY,Todd
21235,KENTUCKY,KY,Whitley
22009,LOUISIANA,LA,Avoyelles
22017,LOUISIANA,LA,Caddo
22021,LOUISIANA,LA,Caldwell
22025,LOUISIANA,LA,Catahoula
22043,LOUISIANA,LA,Grant
22045,LOUISIANA,LA,Iberia
22061,LOUISIANA,LA,Lincoln
22067,LOUISIANA,LA,Morehouse
22083,LOUISIANA,LA,Richland
22087,LOUISIANA,LA,St. Bernard
24029,MARYLAND,MD,Kent
24031,MARYLAND,MD,Montgomery
24033,MARYLAND,MD,Prince George's
25009,MASSACHUSETTS,MA,Essex
26053,MICHIGAN,MI,Gogebic
26073,MICHIGAN,MI,Isabella
26097,MICHIGAN,MI,Mackinac
26119,MICHIGAN,MI,Montmorency
26135,MICHIGAN,MI,Oscoda
26143,MICHIGAN,MI,Roscommon
27105,MINNESOTA,MN,Nobles
27123,MINNESOTA,MN,Ramsey
28017,MISSISSIPPI,MS,Chickasaw
28025,MISSISSIPPI,MS,Clay
28035,MISSISSIPPI,MS,Forrest
28047,MISSISSIPPI,MS,Harrison
28049,MISSISSIPPI,MS,Hinds
28061,MISSISSIPPI,MS,Jasper
28101,MISSISSIPPI,MS,Newton
28105,MISSISSIPPI,MS,Oktibbeha
28127,MISSISSIPPI,MS,Simpson
28141,MISSISSIPPI,MS,Tishomingo
28153,MISSISSIPPI,MS,Wayne
29055,MISSOURI,MO,Crawford
29085,MISSOURI,MO,Hickory
29143,MISSOURI,MO,New Madrid
29153,MISSOURI,MO,Ozark
29181,MISSOURI,MO,Ripley
29203,MISSOURI,MO,Shannon
30051,MONTANA,MT,Liberty
31079,NEBRASKA,NE,Hall
31091,NEBRASKA,NE,Hooker
32003,NEVADA,NV,Clark
32021,NEVADA,NV,Mineral
34007,NEW JERSEY,NJ,Camden
34021,NEW JERSEY,NJ,Mercer
34023,NEW JERSEY,NJ,Middlesex
35003,NEW MEXICO,NM,Catron
35007,NEW MEXICO,NM,Colfax
35009,NEW MEXICO,NM,Curry
35011,NEW MEXICO,NM,De Baca
35013,NEW MEXICO,NM,Doa Ana
35057,NEW MEXICO,NM,Torrance
36085,NEW YORK,NY,Richmond
36109,NEW YORK,NY,Tompkins
36119,NEW YORK,NY,Westchester
37015,NORTH CAROLINA,NC,Bertie
37017,NORTH CAROLINA,NC,Bladen
37063,NORTH CAROLINA,NC,Durham
37095,NORTH CAROLINA,NC,Hyde
37103,NORTH CAROLINA,NC,Jones
37153,NORTH CAROLINA,NC,Richmond
37185,NORTH CAROLINA,NC,Warren
37189,NORTH CAROLINA,NC,Watauga
38053,NORTH DAKOTA,ND,McKenzie
38061,NORTH DAKOTA,ND,Mountrail
39095,OHIO,OH,Lucas
40055,OKLAHOMA,OK,Greer
40061,OKLAHOMA,OK,Haskell
40107,OKLAHOMA,OK,Okfuskee
40119,OKLAHOMA,OK,Payne
40135,OKLAHOMA,OK,Sequoyah
41051,OREGON,OR,Multnomah
42027,PENNSYLVANIA,PA,Centre
42053,PENNSYLVANIA,PA,Forest
44007,RHODE ISLAND,RI,Providence
45031,SOUTH CAROLINA,SC,Darlington
45079,SOUTH CAROLINA,SC,Richland
46005,SOUTH DAKOTA,SD,Beadle
46027,SOUTH DAKOTA,SD,Clay
46085,SOUTH DAKOTA,SD,Lyman
47027,TENNESSEE,TN,Clay
47067,TENNESSEE,TN,Hancock
47069,TENNESSEE,TN,Hardeman
47091,TENNESSEE,TN,Johnson
47135,TENNESSEE,TN,Perry
47137,TENNESSEE,TN,Pickett
47151,TENNESSEE,TN,Scott
47157,TENNESSEE,TN,Shelby
47175,TENNESSEE,TN,Van Buren
48005,TEXAS,TX,Angelina
48029,TEXAS,TX,Bexar
48041,TEXAS,TX,Brazos
48057,TEXAS,TX,Calhoun
48087,TEXAS,TX,Collingsworth
48111,TEXAS,TX,Dallam
48155,TEXAS,TX,Foard
48157,TEXAS,TX,Fort Bend
48173,TEXAS,TX,Glasscock
48191,TEXAS,TX,Hall
48211,TEXAS,TX,Hemphill
48219,TEXAS,TX,Hockley
48225,TEXAS,TX,Houston
48245,TEXAS,TX,Jefferson
48253,TEXAS,TX,Jones
48263,TEXAS,TX,Kent
48311,TEXAS,TX,McMullen
48315,TEXAS,TX,Marion
48317,TEXAS,TX,Martin
48327,TEXAS,TX,Menard
48339,TEXAS,TX,Montgomery
48383,TEXAS,TX,Reagan
48385,TEXAS,TX,Real
48391,TEXAS,TX,Refugio
48403,TEXAS,TX,Sabine
48405,TEXAS,TX,San Augustine
48411,TEXAS,TX,San Saba
48415,TEXAS,TX,Scurry
48421,TEXAS,TX,Sherman
48425,TEXAS,TX,Somervell
48455,TEXAS,TX,Trinity
48461,TEXAS,TX,Upton
48475,TEXAS,TX,Ward
48481,TEXAS,TX,Wharton
49031,UTAH,UT,Piute
51121,VIRGINIA,VA,Montgomery
51520,VIRGINIA,VA,Bristol City
51540,VIRGINIA,VA,Charlottesville City
51678,VIRGINIA,VA,Lexington City
51680,VIRGINIA,VA,Lynchburg City
51750,VIRGINIA,VA,Radford City
51770,VIRGINIA,VA,Roanoke City
53033,WASHINGTON,WA,King
53075,WASHINGTON,WA,Whitman
54021,WEST VIRGINIA,WV,Gilmer
54045,WEST VIRGINIA,WV,Logan
54087,WEST VIRGINIA,WV,Roane
54101,WEST VIRGINIA,WV,Webster
55079,WISCONSIN,WI,Milwaukee
1023,ALABAMA,AL,Choctaw
1035,ALABAMA,AL,Conecuh
1091,ALABAMA,AL,Marengo
1099,ALABAMA,AL,Monroe
2282,ALASKA,AK,Yakutat City and Borough
5039,ARKANSAS,AR,Dallas
5041,ARKANSAS,AR,Desha
5069,ARKANSAS,AR,Jefferson
5079,ARKANSAS,AR,Lincoln
5093,ARKANSAS,AR,Mississippi
5113,ARKANSAS,AR,Polk
5133,ARKANSAS,AR,Sevier
6001,CALIFORNIA,CA,Alameda
6013,CALIFORNIA,CA,Contra Costa
6037,CALIFORNIA,CA,Los Angeles
6053,CALIFORNIA,CA,Monterey
6059,CALIFORNIA,CA,Orange
6067,CALIFORNIA,CA,Sacramento
6081,CALIFORNIA,CA,San Mateo
6083,CALIFORNIA,CA,Santa Barbara
6085,CALIFORNIA,CA,Santa Clara
6101,CALIFORNIA,CA,Sutter
6115,CALIFORNIA,CA,Yuba
8001,COLORADO,CO,Adams
8021,COLORADO,CO,Conejos
8025,COLORADO,CO,Crowley
12021,FLORIDA,FL,Collier
12029,FLORIDA,FL,Dixie
12107,FLORIDA,FL,Putnam
13005,GEORGIA,GA,Bacon
13017,GEORGIA,GA,Ben Hill
13021,GEORGIA,GA,Bibb
13069,GEORGIA,GA,Coffee
13081,GEORGIA,GA,Crisp
13107,GEORGIA,GA,Emanuel
13135,GEORGIA,GA,Gwinnett
13165,GEORGIA,GA,Jenkins
13167,GEORGIA,GA,Johnson
13179,GEORGIA,GA,Liberty
13183,GEORGIA,GA,Long
13235,GEORGIA,GA,Pulaski
13269,GEORGIA,GA,Taylor
13289,GEORGIA,GA,Twiggs
13307,GEORGIA,GA,Webster
13313,GEORGIA,GA,Whitfield
15003,HAWAII,HI,Honolulu
15005,HAWAII,HI,Kalawao
16053,IDAHO,ID,Jerome
16073,IDAHO,ID,Owyhee
17031,ILLINOIS,IL,Cook
17077,ILLINOIS,IL,Jackson
20081,KANSAS,KS,Haskell
20209,KANSAS,KS,Wyandotte
21043,KENTUCKY,KY,Carter
21135,KENTUCKY,KY,Lewis
21181,KENTUCKY,KY,Nicholas
21195,KENTUCKY,KY,Pike
21231,KENTUCKY,KY,Wayne
22013,LOUISIANA,LA,Bienville
22031,LOUISIANA,LA,De Soto
22049,LOUISIANA,LA,Jackson
22069,LOUISIANA,LA,Natchitoches
22071,LOUISIANA,LA,Orleans
22091,LOUISIANA,LA,St. Helena
24039,MARYLAND,MD,Somerset
25013,MASSACHUSETTS,MA,Hampden
25025,MASSACHUSETTS,MA,Suffolk
26163,MICHIGAN,MI,Wayne
28007,MISSISSIPPI,MS,Attala
28029,MISSISSIPPI,MS,Copiah
28031,MISSISSIPPI,MS,Covington
28041,MISSISSIPPI,MS,Greene
28065,MISSISSIPPI,MS,Jefferson Davis
28097,MISSISSIPPI,MS,Montgomery
28099,MISSISSIPPI,MS,Neshoba
28113,MISSISSIPPI,MS,Pike
28115,MISSISSIPPI,MS,Pontotoc
29119,MISSOURI,MO,McDonald
29215,MISSOURI,MO,Texas
29221,MISSOURI,MO,Washington
29510,MISSOURI,MO,St. Louis City
31037,NEBRASKA,NE,Colfax
32009,NEVADA,NV,Esmeralda
32023,NEVADA,NV,Nye
32027,NEVADA,NV,Pershing
34001,NEW JERSEY,NJ,Atlantic
35041,NEW MEXICO,NM,Roosevelt
36061,NEW YORK,NY,New York
37005,NORTH CAROLINA,NC,Alleghany
37007,NORTH CAROLINA,NC,Anson
37065,NORTH CAROLINA,NC,Edgecombe
37093,NORTH CAROLINA,NC,Hoke
37107,NORTH CAROLINA,NC,Lenoir
37163,NORTH CAROLINA,NC,Sampson
37181,NORTH CAROLINA,NC,Vance
37187,NORTH CAROLINA,NC,Washington
39075,OHIO,OH,Holmes
40091,OKLAHOMA,OK,McIntosh
41045,OREGON,OR,Malheur
45025,SOUTH CAROLINA,SC,Chesterfield
45027,SOUTH CAROLINA,SC,Clarendon
45049,SOUTH CAROLINA,SC,Hampton
45065,SOUTH CAROLINA,SC,McCormick
47029,TENNESSEE,TN,Cocke
47129,TENNESSEE,TN,Morgan
48055,TEXAS,TX,Caldwell
48105,TEXAS,TX,Crockett
48115,TEXAS,TX,Dawson
48137,TEXAS,TX,Edwards
48165,TEXAS,TX,Gaines
48273,TEXAS,TX,Kleberg
48291,TEXAS,TX,Liberty
48313,TEXAS,TX,Madison
48329,TEXAS,TX,Midland
48345,TEXAS,TX,Motley
48409,TEXAS,TX,San Patricio
48413,TEXAS,TX,Schleicher
48439,TEXAS,TX,Tarrant
48443,TEXAS,TX,Terrell
48449,TEXAS,TX,Titus
48457,TEXAS,TX,Tyler
48471,TEXAS,TX,Walker
48473,TEXAS,TX,Waller
48495,TEXAS,TX,Winkler
49039,UTAH,UT,Sanpete
51029,VIRGINIA,VA,Buckingham
51081,VIRGINIA,VA,Greensville
51153,VIRGINIA,VA,Prince William
51590,VIRGINIA,VA,Danville City
51620,VIRGINIA,VA,Franklin City
51660,VIRGINIA,VA,Harrisonburg City
51683,VIRGINIA,VA,Manassas City
51685,VIRGINIA,VA,Manassas Park City
51690,VIRGINIA,VA,Martinsville City
51700,VIRGINIA,VA,Newport News City
51740,VIRGINIA,VA,Portsmouth City
51760,VIRGINIA,VA,Richmond City
53025,WASHINGTON,WA,Grant
54013,WEST VIRGINIA,WV,Calhoun
54109,WEST VIRGINIA,WV,Wyoming
1065,ALABAMA,AL,Hale
2013,ALASKA,AK,Aleutians East
2185,ALASKA,AK,North Slope
4009,ARIZONA,AZ,Graham
4012,ARIZONA,AZ,La Paz
5035,ARKANSAS,AR,Crittenden
5095,ARKANSAS,AR,Monroe
5099,ARKANSAS,AR,Nevada
6039,CALIFORNIA,CA,Madera
6071,CALIFORNIA,CA,San Bernardino
6075,CALIFORNIA,CA,San Francisco
6077,CALIFORNIA,CA,San Joaquin
6099,CALIFORNIA,CA,Stanislaus
12013,FLORIDA,FL,Calhoun
12077,FLORIDA,FL,Liberty
12079,FLORIDA,FL,Madison
12086,FLORIDA,FL,Miami-Dade
12093,FLORIDA,FL,Okeechobee
12123,FLORIDA,FL,Taylor
12125,FLORIDA,FL,Union
13019,GEORGIA,GA,Berrien
13063,GEORGIA,GA,Clayton
13095,GEORGIA,GA,Dougherty
13099,GEORGIA,GA,Early
13109,GEORGIA,GA,Evans
13215,GEORGIA,GA,Muscogee
13261,GEORGIA,GA,Sumter
13267,GEORGIA,GA,Tattnall
13301,GEORGIA,GA,Warren
13303,GEORGIA,GA,Washington
16065,IDAHO,ID,Madison
20057,KANSAS,KS,Ford
21013,KENTUCKY,KY,Bell
21045,KENTUCKY,KY,Casey
21065,KENTUCKY,KY,Estill
21075,KENTUCKY,KY,Fulton
21109,KENTUCKY,KY,Jackson
21121,KENTUCKY,KY,Knox
21129,KENTUCKY,KY,Lee
21203,KENTUCKY,KY,Rockcastle
24510,MARYLAND,MD,Baltimore City
26085,MICHIGAN,MI,Lake
28013,MISSISSIPPI,MS,Calhoun
29223,MISSOURI,MO,Wayne
30035,MONTANA,MT,Glacier
31043,NEBRASKA,NE,Dakota
31047,NEBRASKA,NE,Dawson
34011,NEW JERSEY,NJ,Cumberland
34017,NEW JERSEY,NJ,Hudson
34031,NEW JERSEY,NJ,Passaic
34039,NEW JERSEY,NJ,Union
35005,NEW MEXICO,NM,Chaves
35019,NEW MEXICO,NM,Guadalupe
35023,NEW MEXICO,NM,Hidalgo
35033,NEW MEXICO,NM,Mora
35045,NEW MEXICO,NM,San Juan
35051,NEW MEXICO,NM,Sierra
35053,NEW MEXICO,NM,Socorro
36047,NEW YORK,NY,Kings
36081,NEW YORK,NY,Queens
36087,NEW YORK,NY,Rockland
37083,NORTH CAROLINA,NC,Halifax
38005,NORTH DAKOTA,ND,Benson
40001,OKLAHOMA,OK,Adair
40139,OKLAHOMA,OK,Texas
41049,OREGON,OR,Morrow
45009,SOUTH CAROLINA,SC,Bamberg
45033,SOUTH CAROLINA,SC,Dillon
45053,SOUTH CAROLINA,SC,Jasper
45075,SOUTH CAROLINA,SC,Orangeburg
45089,SOUTH CAROLINA,SC,Williamsburg
47007,TENNESSEE,TN,Bledsoe
47061,TENNESSEE,TN,Grundy
48003,TEXAS,TX,Andrews
48013,TEXAS,TX,Atascosa
48017,TEXAS,TX,Bailey
48025,TEXAS,TX,Bee
48069,TEXAS,TX,Castro
48079,TEXAS,TX,Cochran
48095,TEXAS,TX,Concho
48101,TEXAS,TX,Cottle
48103,TEXAS,TX,Crane
48113,TEXAS,TX,Dallas
48117,TEXAS,TX,Deaf Smith
48153,TEXAS,TX,Floyd
48169,TEXAS,TX,Garza
48177,TEXAS,TX,Gonzales
48195,TEXAS,TX,Hansford
48201,TEXAS,TX,Harris
48207,TEXAS,TX,Haskell
48249,TEXAS,TX,Jim Wells
48255,TEXAS,TX,Karnes
48271,TEXAS,TX,Kinney
48279,TEXAS,TX,Lamb
48301,TEXAS,TX,Loving
48341,TEXAS,TX,Moore
48357,TEXAS,TX,Ochiltree
48369,TEXAS,TX,Parmer
48371,TEXAS,TX,Pecos
48375,TEXAS,TX,Potter
48389,TEXAS,TX,Reeves
48419,TEXAS,TX,Shelby
48435,TEXAS,TX,Sutton
48437,TEXAS,TX,Swisher
48463,TEXAS,TX,Uvalde
48465,TEXAS,TX,Val Verde
48501,TEXAS,TX,Yoakum
51027,VIRGINIA,VA,Buchanan
51051,VIRGINIA,VA,Dickenson
51105,VIRGINIA,VA,Lee
51183,VIRGINIA,VA,Sussex
51195,VIRGINIA,VA,Wise
51640,VIRGINIA,VA,Galax City
51710,VIRGINIA,VA,Norfolk City
51720,VIRGINIA,VA,Norton City
54005,WEST VIRGINIA,WV,Boone
54015,WEST VIRGINIA,WV,Clay
54043,WEST VIRGINIA,WV,Lincoln
1047,ALABAMA,AL,Dallas
1087,ALABAMA,AL,Macon
1119,ALABAMA,AL,Sumter
2016,ALASKA,AK,Aleutians West
2070,ALASKA,AK,Dillingham
2164,ALASKA,AK,Lake and Peninsula
2180,ALASKA,AK,Nome
4017,ARIZONA,AZ,Navajo
4023,ARIZONA,AZ,Santa Cruz
4027,ARIZONA,AZ,Yuma
5017,ARKANSAS,AR,Chicot
5123,ARKANSAS,AR,St. Francis
6011,CALIFORNIA,CA,Colusa
8023,COLORADO,CO,Costilla
12043,FLORIDA,FL,Glades
12067,FLORIDA,FL,Lafayette
13043,GEORGIA,GA,Candler
13061,GEORGIA,GA,Clay
13065,GEORGIA,GA,Clinch
13161,GEORGIA,GA,Jeff Davis
13163,GEORGIA,GA,Jefferson
13205,GEORGIA,GA,Mitchell
13243,GEORGIA,GA,Randolph
13271,GEORGIA,GA,Telfair
13273,GEORGIA,GA,Terrell
20055,KANSAS,KS,Finney
20175,KANSAS,KS,Seward
21063,KENTUCKY,KY,Elliott
21071,KENTUCKY,KY,Floyd
21095,KENTUCKY,KY,Harlan
21127,KENTUCKY,KY,Lawrence
21133,KENTUCKY,KY,Letcher
21153,KENTUCKY,KY,Magoffin
21175,KENTUCKY,KY,Morgan
22029,LOUISIANA,LA,Concordia
22041,LOUISIANA,LA,Franklin
22097,LOUISIANA,LA,St. Landry
22107,LOUISIANA,LA,Tensas
22117,LOUISIANA,LA,Washington
28069,MISSISSIPPI,MS,Kemper
28125,MISSISSIPPI,MS,Sharkey
28151,MISSISSIPPI,MS,Washington
29069,MISSOURI,MO,Dunklin
29133,MISSOURI,MO,Mississippi
30005,MONTANA,MT,Blaine
31173,NEBRASKA,NE,Thurston
32015,NEVADA,NV,Lander
34013,NEW JERSEY,NJ,Essex
35025,NEW MEXICO,NM,Lea
35047,NEW MEXICO,NM,San Miguel
37061,NORTH CAROLINA,NC,Duplin
37091,NORTH CAROLINA,NC,Hertford
37165,NORTH CAROLINA,NC,Scotland
37177,NORTH CAROLINA,NC,Tyrrell
38079,NORTH DAKOTA,ND,Rolette
45011,SOUTH CAROLINA,SC,Barnwell
45061,SOUTH CAROLINA,SC,Lee
46095,SOUTH DAKOTA,SD,Mellette
47097,TENNESSEE,TN,Lauderdale
48107,TEXAS,TX,Crosby
48135,TEXAS,TX,Ector
48145,TEXAS,TX,Falls
48189,TEXAS,TX,Hale
48283,TEXAS,TX,La Salle
49037,UTAH,UT,San Juan
51730,VIRGINIA,VA,Petersburg City
53021,WASHINGTON,WA,Franklin
53077,WASHINGTON,WA,Yakima
55078,WISCONSIN,WI,Menominee
1011,ALABAMA,AL,Bullock
1131,ALABAMA,AL,Wilcox
2188,ALASKA,AK,Northwest Arctic
2290,ALASKA,AK,Yukon-Koyukuk
5107,ARKANSAS,AR,Phillips
6029,CALIFORNIA,CA,Kern
6031,CALIFORNIA,CA,Kings
6047,CALIFORNIA,CA,Merced
12027,FLORIDA,FL,DeSoto
12039,FLORIDA,FL,Gadsden
12059,FLORIDA,FL,Holmes
13003,GEORGIA,GA,Atkinson
13049,GEORGIA,GA,Charlton
13071,GEORGIA,GA,Colquitt
13093,GEORGIA,GA,Dooly
13141,GEORGIA,GA,Hancock
13309,GEORGIA,GA,Wheeler
16033,IDAHO,ID,Clark
21025,KENTUCKY,KY,Breathitt
21051,KENTUCKY,KY,Clay
21131,KENTUCKY,KY,Leslie
21189,KENTUCKY,KY,Owsley
21193,KENTUCKY,KY,Perry
22027,LOUISIANA,LA,Claiborne
22039,LOUISIANA,LA,Evangeline
28001,MISSISSIPPI,MS,Adams
28011,MISSISSIPPI,MS,Bolivar
28027,MISSISSIPPI,MS,Coahoma
28063,MISSISSIPPI,MS,Jefferson
28079,MISSISSIPPI,MS,Leake
28083,MISSISSIPPI,MS,Leflore
28119,MISSISSIPPI,MS,Quitman
28143,MISSISSIPPI,MS,Tunica
29155,MISSOURI,MO,Pemiscot
30003,MONTANA,MT,Big Horn
37155,NORTH CAROLINA,NC,Robeson
38085,NORTH DAKOTA,ND,Sioux
42101,PENNSYLVANIA,PA,Philadelphia
45067,SOUTH CAROLINA,SC,Marion
46007,SOUTH DAKOTA,SD,Bennett
46041,SOUTH DAKOTA,SD,Dewey
46071,SOUTH DAKOTA,SD,Jackson
48109,TEXAS,TX,Culberson
48141,TEXAS,TX,El Paso
48163,TEXAS,TX,Frio
48261,TEXAS,TX,Kenedy
51595,VIRGINIA,VA,Emporia City
54059,WEST VIRGINIA,WV,Mingo
1005,ALABAMA,AL,Barbour
1063,ALABAMA,AL,Greene
1105,ALABAMA,AL,Perry
2050,ALASKA,AK,Bethel
4001,ARIZONA,AZ,Apache
5077,ARKANSAS,AR,Lee
6019,CALIFORNIA,CA,Fresno
6107,CALIFORNIA,CA,Tulare
12047,FLORIDA,FL,Hamilton
13193,GEORGIA,GA,Macon
13239,GEORGIA,GA,Quitman
13259,GEORGIA,GA,Stewart
21119,KENTUCKY,KY,Knott
21147,KENTUCKY,KY,McCreary
21159,KENTUCKY,KY,Martin
21237,KENTUCKY,KY,Wolfe
22035,LOUISIANA,LA,East Carroll
28051,MISSISSIPPI,MS,Holmes
28053,MISSISSIPPI,MS,Humphreys
28103,MISSISSIPPI,MS,Noxubee
28133,MISSISSIPPI,MS,Sunflower
28163,MISSISSIPPI,MS,Yazoo
30085,MONTANA,MT,Roosevelt
35006,NEW MEXICO,NM,Cibola
35029,NEW MEXICO,NM,Luna
46017,SOUTH DAKOTA,SD,Buffalo
46031,SOUTH DAKOTA,SD,Corson
47095,TENNESSEE,TN,Lake
48061,TEXAS,TX,Cameron
48215,TEXAS,TX,Hidalgo
48377,TEXAS,TX,Presidio
48445,TEXAS,TX,Terry
48479,TEXAS,TX,Webb
48489,TEXAS,TX,Willacy
53001,WASHINGTON,WA,Adams
54047,WEST VIRGINIA,WV,McDowell
1085,ALABAMA,AL,Lowndes
2158,ALASKA,AK,Kusilvak
6025,CALIFORNIA,CA,Imperial
12049,FLORIDA,FL,Hardee
12051,FLORIDA,FL,Hendry
13037,GEORGIA,GA,Calhoun
13265,GEORGIA,GA,Taliaferro
22065,LOUISIANA,LA,Madison
28055,MISSISSIPPI,MS,Issaquena
28123,MISSISSIPPI,MS,Scott
28135,MISSISSIPPI,MS,Tallahatchie
28157,MISSISSIPPI,MS,Wilkinson
35031,NEW MEXICO,NM,McKinley
36005,NEW YORK,NY,Bronx
37079,NORTH CAROLINA,NC,Greene
45069,SOUTH CAROLINA,SC,Marlboro
46121,SOUTH DAKOTA,SD,Todd
46137,SOUTH DAKOTA,SD,Ziebach
48047,TEXAS,TX,Brooks
48229,TEXAS,TX,Hudspeth
48323,TEXAS,TX,Maverick
48427,TEXAS,TX,Starr
28021,MISSISSIPPI,MS,Claiborne
45005,SOUTH CAROLINA,SC,Allendale
46102,SOUTH DAKOTA,SD,Oglala Lakota
48131,TEXAS,TX,Duval
48505,TEXAS,TX,Zapata
48507,TEXAS,TX,Zavala
48127,TEXAS,TX,Dimmit
48247,TEXAS,TX,Jim Hogg
